1,186,Faktura,Gotówka,2021-10-01
2,264,Faktura,Karta,2022-07-09
3,330,Paragon,Gotówka,2020-10-17
4,540,Faktura,Przelew,2018-10-15
5,859,Paragon,Karta,2021-05-23
6,454,Faktura,Gotówka,2021-03-12
7,326,Paragon,Karta,2023-06-02
8,456,Rachunek,Przelew,2021-10-09
9,152,Paragon,Przelew,2023-01-24
10,612,Rachunek,Karta,2023-10-01
11,28,Rachunek,Gotówka,2019-07-23
12,850,Rachunek,Karta,2021-06-12
13,761,Rachunek,Karta,2018-02-24
14,365,Rachunek,Przelew,2019-09-30
15,247,Rachunek,Przelew,2018-01-20
16,825,Rachunek,Karta,2019-06-22
17,246,Paragon,Gotówka,2022-03-22
18,342,Faktura,Gotówka,2018-11-08
19,751,Rachunek,Przelew,2018-11-14
20,11,Rachunek,Gotówka,2020-06-03
21,294,Rachunek,Przelew,2018-03-02
22,268,Paragon,Karta,2022-05-29
23,919,Paragon,Gotówka,2019-03-04
24,357,Rachunek,Karta,2020-03-29
25,696,Rachunek,Karta,2022-09-16
26,379,Faktura,Przelew,2023-11-22
27,807,Paragon,Przelew,2022-07-20
28,495,Rachunek,Karta,2020-05-05
29,645,Faktura,Karta,2020-05-23
30,494,Rachunek,Gotówka,2020-02-27
31,529,Rachunek,Przelew,2022-12-22
32,879,Paragon,Przelew,2021-12-23
33,521,Rachunek,Karta,2022-10-09
34,308,Rachunek,Gotówka,2021-11-14
35,446,Paragon,Gotówka,2018-03-24
36,788,Paragon,Gotówka,2023-06-16
37,623,Rachunek,Gotówka,2019-04-17
38,343,Rachunek,Karta,2018-12-04
39,273,Faktura,Przelew,2022-03-01
40,906,Rachunek,Gotówka,2020-01-18
41,980,Rachunek,Przelew,2020-01-27
42,365,Paragon,Karta,2022-04-26
43,457,Rachunek,Karta,2020-02-12
44,203,Paragon,Przelew,2020-08-15
45,273,Rachunek,Karta,2022-06-25
46,905,Rachunek,Gotówka,2023-03-01
47,873,Rachunek,Karta,2019-04-14
48,858,Rachunek,Karta,2018-04-24
49,468,Rachunek,Przelew,2019-06-12
50,257,Faktura,Gotówka,2020-03-19
51,841,Faktura,Gotówka,2023-11-06
52,103,Faktura,Gotówka,2018-09-14
53,766,Faktura,Karta,2022-11-29
54,191,Faktura,Gotówka,2021-03-30
55,100,Paragon,Karta,2020-03-31
56,880,Paragon,Karta,2018-09-01
57,964,Faktura,Karta,2022-03-08
58,146,Rachunek,Gotówka,2021-06-12
59,481,Paragon,Przelew,2023-01-31
60,492,Paragon,Karta,2022-09-28
61,456,Paragon,Przelew,2020-10-24
62,973,Faktura,Przelew,2019-01-20
63,989,Paragon,Przelew,2023-11-07
64,601,Rachunek,Gotówka,2021-10-23
65,855,Paragon,Gotówka,2022-02-01
66,941,Rachunek,Karta,2019-08-26
67,54,Paragon,Gotówka,2021-03-09
68,229,Paragon,Przelew,2022-08-07
69,259,Rachunek,Przelew,2018-02-03
70,981,Rachunek,Przelew,2022-03-17
71,503,Paragon,Karta,2023-01-18
72,950,Paragon,Karta,2020-10-16
73,688,Rachunek,Karta,2018-01-09
74,115,Faktura,Karta,2023-08-09
75,849,Paragon,Gotówka,2018-12-12
76,852,Paragon,Gotówka,2020-10-15
77,81,Paragon,Przelew,2019-01-21
78,122,Faktura,Gotówka,2021-01-20
79,446,Paragon,Przelew,2019-08-08
80,916,Paragon,Gotówka,2019-12-09
81,226,Faktura,Gotówka,2023-04-14
82,464,Faktura,Karta,2020-09-30
83,366,Faktura,Gotówka,2023-10-09
84,637,Paragon,Gotówka,2020-01-19
85,341,Rachunek,Gotówka,2022-11-06
86,768,Paragon,Przelew,2019-06-29
87,52,Rachunek,Gotówka,2021-02-26
88,597,Faktura,Przelew,2023-12-29
89,736,Rachunek,Karta,2021-07-25
90,319,Rachunek,Karta,2021-02-15
91,455,Faktura,Gotówka,2019-02-08
92,43,Rachunek,Gotówka,2020-03-26
93,883,Paragon,Gotówka,2019-11-30
94,737,Faktura,Przelew,2020-04-16
95,508,Rachunek,Karta,2022-06-15
96,419,Paragon,Karta,2019-04-13
97,204,Paragon,Przelew,2020-06-06
98,747,Rachunek,Karta,2018-02-01
99,752,Faktura,Gotówka,2023-02-06
100,840,Faktura,Gotówka,2019-10-29
101,869,Rachunek,Karta,2018-08-26
102,424,Paragon,Przelew,2021-11-08
103,241,Paragon,Przelew,2021-08-19
104,267,Rachunek,Gotówka,2022-08-17
105,235,Rachunek,Gotówka,2023-03-01
106,159,Faktura,Przelew,2022-04-01
107,588,Rachunek,Karta,2022-10-01
108,791,Rachunek,Gotówka,2019-03-03
109,71,Faktura,Przelew,2022-08-06
110,249,Paragon,Przelew,2023-06-28
111,902,Faktura,Gotówka,2020-06-24
112,927,Paragon,Gotówka,2020-09-25
113,959,Faktura,Karta,2019-01-04
114,669,Rachunek,Przelew,2022-12-02
115,118,Rachunek,Przelew,2021-01-26
116,548,Paragon,Przelew,2018-03-05
117,779,Rachunek,Karta,2022-10-22
118,478,Faktura,Gotówka,2020-11-23
119,727,Rachunek,Karta,2023-08-17
120,914,Faktura,Gotówka,2022-04-08
121,162,Paragon,Gotówka,2018-07-15
122,618,Rachunek,Gotówka,2020-11-28
123,768,Paragon,Przelew,2023-03-26
124,562,Paragon,Przelew,2022-05-21
125,701,Rachunek,Gotówka,2022-11-09
126,746,Faktura,Gotówka,2019-09-16
127,981,Faktura,Gotówka,2018-12-16
128,991,Faktura,Karta,2019-12-17
129,969,Faktura,Gotówka,2022-05-10
130,391,Rachunek,Karta,2018-09-04
131,62,Rachunek,Gotówka,2019-12-28
132,979,Paragon,Karta,2019-06-19
133,479,Faktura,Gotówka,2022-08-28
134,577,Paragon,Gotówka,2021-12-14
135,93,Paragon,Karta,2023-10-02
136,226,Faktura,Gotówka,2022-07-17
137,733,Faktura,Gotówka,2022-09-25
138,104,Faktura,Karta,2022-06-07
139,139,Paragon,Karta,2020-05-25
140,323,Rachunek,Przelew,2018-08-29
141,909,Faktura,Karta,2021-05-14
142,669,Paragon,Gotówka,2020-07-30
143,330,Paragon,Gotówka,2020-04-06
144,436,Faktura,Karta,2022-08-12
145,259,Faktura,Gotówka,2019-01-04
146,496,Faktura,Przelew,2020-08-10
147,809,Rachunek,Przelew,2018-11-24
148,853,Faktura,Przelew,2019-09-08
149,529,Paragon,Gotówka,2020-05-23
150,953,Faktura,Przelew,2023-04-21
151,389,Rachunek,Przelew,2019-05-13
152,857,Paragon,Przelew,2019-02-08
153,548,Paragon,Gotówka,2019-07-05
154,377,Faktura,Przelew,2019-05-03
155,308,Paragon,Gotówka,2018-11-21
156,547,Faktura,Karta,2020-05-19
157,838,Paragon,Karta,2019-02-05
158,577,Rachunek,Gotówka,2023-11-03
159,923,Rachunek,Przelew,2020-01-25
160,53,Rachunek,Przelew,2018-01-14
161,397,Paragon,Karta,2018-11-11
162,920,Paragon,Karta,2021-10-23
163,583,Faktura,Gotówka,2022-10-18
164,624,Rachunek,Gotówka,2019-07-17
165,192,Faktura,Gotówka,2018-08-26
166,727,Rachunek,Gotówka,2021-07-22
167,53,Faktura,Przelew,2021-11-18
168,505,Paragon,Gotówka,2018-03-29
169,679,Faktura,Przelew,2018-09-23
170,14,Rachunek,Karta,2022-05-21
171,581,Faktura,Gotówka,2021-08-30
172,904,Paragon,Karta,2022-06-26
173,714,Paragon,Karta,2018-10-06
174,382,Rachunek,Gotówka,2018-10-20
175,432,Faktura,Przelew,2022-05-07
176,138,Rachunek,Gotówka,2018-12-17
177,798,Rachunek,Przelew,2018-05-25
178,951,Rachunek,Gotówka,2018-05-17
179,1000,Faktura,Gotówka,2020-05-10
180,254,Paragon,Gotówka,2018-05-14
181,886,Paragon,Przelew,2020-06-03
182,370,Faktura,Karta,2018-03-23
183,223,Paragon,Przelew,2021-10-10
184,834,Faktura,Gotówka,2018-01-17
185,45,Rachunek,Gotówka,2019-05-06
186,14,Rachunek,Karta,2020-05-01
187,884,Faktura,Gotówka,2020-06-03
188,877,Faktura,Karta,2019-07-13
189,303,Rachunek,Przelew,2019-01-17
190,885,Faktura,Gotówka,2022-11-11
191,459,Faktura,Karta,2020-06-07
192,723,Rachunek,Przelew,2023-07-28
193,120,Paragon,Karta,2020-04-25
194,766,Faktura,Gotówka,2019-04-28
195,603,Paragon,Przelew,2023-07-22
196,903,Paragon,Gotówka,2019-06-18
197,497,Paragon,Gotówka,2023-11-21
198,10,Rachunek,Gotówka,2022-10-06
199,729,Paragon,Karta,2019-11-06
200,242,Faktura,Przelew,2022-01-20
201,648,Faktura,Przelew,2021-06-12
202,497,Faktura,Przelew,2018-01-15
203,146,Paragon,Przelew,2022-07-05
204,607,Faktura,Gotówka,2020-06-19
205,686,Rachunek,Przelew,2018-10-18
206,773,Faktura,Przelew,2019-06-03
207,530,Paragon,Gotówka,2018-05-05
208,345,Faktura,Przelew,2018-12-10
209,401,Paragon,Gotówka,2018-04-25
210,124,Rachunek,Gotówka,2023-12-31
211,634,Faktura,Gotówka,2019-01-08
212,769,Rachunek,Karta,2018-03-01
213,530,Faktura,Gotówka,2023-11-03
214,360,Faktura,Karta,2022-04-09
215,795,Faktura,Karta,2019-02-18
216,867,Rachunek,Karta,2018-06-10
217,958,Paragon,Karta,2023-07-16
218,400,Rachunek,Przelew,2023-02-05
219,151,Faktura,Gotówka,2019-08-02
220,816,Faktura,Karta,2018-01-10
221,487,Paragon,Przelew,2018-02-27
222,782,Rachunek,Karta,2019-07-23
223,871,Faktura,Gotówka,2022-09-10
224,507,Rachunek,Gotówka,2020-07-05
225,154,Paragon,Gotówka,2023-01-21
226,209,Faktura,Przelew,2020-04-05
227,723,Paragon,Karta,2023-11-08
228,254,Rachunek,Karta,2018-10-03
229,264,Faktura,Karta,2022-06-02
230,251,Rachunek,Gotówka,2023-11-16
231,343,Faktura,Karta,2019-03-17
232,116,Rachunek,Karta,2019-04-04
233,368,Paragon,Przelew,2019-05-29
234,82,Rachunek,Gotówka,2019-03-12
235,914,Faktura,Karta,2019-01-17
236,887,Faktura,Gotówka,2018-07-25
237,409,Paragon,Przelew,2018-05-09
238,73,Rachunek,Karta,2019-11-06
239,96,Faktura,Gotówka,2019-04-21
240,218,Faktura,Gotówka,2020-03-09
241,275,Paragon,Przelew,2019-02-14
242,22,Rachunek,Gotówka,2022-08-18
243,503,Faktura,Przelew,2022-05-25
244,565,Faktura,Karta,2021-05-07
245,293,Rachunek,Gotówka,2022-07-18
246,635,Rachunek,Karta,2022-09-06
247,988,Faktura,Gotówka,2018-05-01
248,598,Paragon,Przelew,2022-11-07
249,205,Faktura,Karta,2019-04-14
250,487,Rachunek,Karta,2023-12-14
251,613,Rachunek,Gotówka,2020-10-01
252,12,Faktura,Przelew,2023-05-01
253,934,Faktura,Przelew,2023-07-01
254,924,Faktura,Karta,2021-05-11
255,286,Paragon,Przelew,2021-04-01
256,756,Rachunek,Przelew,2021-12-02
257,131,Faktura,Przelew,2022-01-14
258,449,Faktura,Karta,2021-08-19
259,694,Faktura,Karta,2019-07-25
260,575,Faktura,Przelew,2020-03-29
261,751,Paragon,Przelew,2019-04-30
262,584,Faktura,Przelew,2021-02-26
263,273,Paragon,Przelew,2018-05-22
264,728,Paragon,Przelew,2018-08-08
265,183,Rachunek,Karta,2021-12-31
266,680,Rachunek,Karta,2019-10-19
267,350,Rachunek,Karta,2020-02-22
268,816,Paragon,Gotówka,2022-01-12
269,852,Faktura,Karta,2020-08-17
270,202,Paragon,Karta,2020-02-04
271,680,Paragon,Przelew,2022-07-30
272,603,Rachunek,Przelew,2022-10-15
273,476,Rachunek,Karta,2022-12-13
274,501,Faktura,Karta,2020-01-18
275,551,Paragon,Karta,2021-12-27
276,963,Faktura,Przelew,2023-12-14
277,319,Rachunek,Gotówka,2019-03-25
278,291,Paragon,Karta,2022-04-27
279,135,Paragon,Gotówka,2020-11-01
280,586,Faktura,Gotówka,2018-06-13
281,556,Rachunek,Karta,2019-12-27
282,844,Rachunek,Karta,2018-08-09
283,694,Faktura,Karta,2020-11-24
284,962,Rachunek,Karta,2022-06-25
285,268,Faktura,Karta,2023-11-16
286,656,Paragon,Przelew,2018-04-18
287,984,Paragon,Gotówka,2018-11-25
288,743,Paragon,Przelew,2023-06-28
289,300,Rachunek,Gotówka,2018-04-06
290,535,Rachunek,Gotówka,2019-10-27
291,652,Paragon,Przelew,2020-01-12
292,841,Paragon,Gotówka,2021-01-15
293,293,Faktura,Przelew,2020-05-31
294,67,Rachunek,Gotówka,2021-05-25
295,742,Paragon,Przelew,2021-03-09
296,292,Paragon,Gotówka,2021-05-15
297,358,Paragon,Karta,2020-02-20
298,51,Rachunek,Przelew,2020-10-26
299,69,Rachunek,Karta,2020-03-28
300,850,Faktura,Karta,2020-09-26
301,598,Rachunek,Karta,2023-03-02
302,392,Paragon,Karta,2020-01-22
303,524,Rachunek,Przelew,2019-05-23
304,894,Rachunek,Przelew,2019-07-13
305,212,Rachunek,Przelew,2018-01-31
306,801,Faktura,Przelew,2021-11-26
307,339,Paragon,Przelew,2023-06-19
308,593,Rachunek,Gotówka,2021-09-09
309,441,Faktura,Gotówka,2023-09-20
310,809,Paragon,Przelew,2022-04-05
311,653,Faktura,Gotówka,2018-05-14
312,703,Faktura,Gotówka,2018-06-19
313,699,Paragon,Przelew,2021-08-06
314,957,Rachunek,Gotówka,2023-05-21
315,666,Paragon,Gotówka,2021-03-24
316,81,Paragon,Przelew,2020-12-12
317,34,Faktura,Karta,2019-03-07
318,401,Paragon,Przelew,2022-01-17
319,93,Faktura,Karta,2021-08-20
320,818,Paragon,Gotówka,2023-09-15
321,60,Rachunek,Gotówka,2021-02-10
322,898,Faktura,Gotówka,2018-01-31
323,349,Rachunek,Gotówka,2022-07-16
324,876,Paragon,Karta,2018-08-18
325,147,Faktura,Karta,2020-05-06
326,836,Faktura,Przelew,2022-06-17
327,126,Paragon,Karta,2022-05-11
328,642,Faktura,Gotówka,2018-12-22
329,467,Faktura,Przelew,2018-03-18
330,339,Paragon,Gotówka,2023-07-08
331,303,Paragon,Przelew,2023-10-23
332,294,Faktura,Przelew,2023-10-02
333,847,Rachunek,Gotówka,2021-03-25
334,259,Rachunek,Karta,2022-10-05
335,411,Paragon,Karta,2022-06-08
336,939,Paragon,Gotówka,2022-05-06
337,540,Paragon,Gotówka,2020-01-29
338,779,Paragon,Karta,2021-07-22
339,578,Rachunek,Przelew,2019-04-28
340,545,Rachunek,Karta,2023-07-23
341,338,Faktura,Przelew,2018-11-10
342,284,Faktura,Przelew,2021-01-16
343,575,Rachunek,Gotówka,2019-02-18
344,974,Faktura,Gotówka,2021-12-01
345,632,Paragon,Karta,2018-11-07
346,860,Faktura,Karta,2021-10-02
347,954,Paragon,Przelew,2021-10-30
348,97,Faktura,Karta,2020-12-01
349,855,Paragon,Gotówka,2018-02-18
350,967,Paragon,Karta,2020-02-21
351,894,Faktura,Gotówka,2023-01-31
352,487,Paragon,Przelew,2019-02-03
353,891,Faktura,Gotówka,2021-12-28
354,819,Paragon,Przelew,2021-09-16
355,386,Faktura,Przelew,2022-08-08
356,193,Paragon,Karta,2020-09-19
357,951,Faktura,Karta,2020-08-03
358,945,Rachunek,Gotówka,2018-12-22
359,881,Rachunek,Gotówka,2018-01-16
360,530,Rachunek,Przelew,2020-08-11
361,240,Paragon,Gotówka,2023-03-27
362,305,Rachunek,Przelew,2019-06-18
363,596,Paragon,Gotówka,2021-05-11
364,603,Rachunek,Karta,2018-12-21
365,952,Faktura,Przelew,2022-07-22
366,340,Rachunek,Gotówka,2018-05-08
367,581,Paragon,Karta,2021-10-06
368,896,Paragon,Przelew,2023-12-10
369,667,Rachunek,Gotówka,2019-12-16
370,442,Rachunek,Gotówka,2021-12-30
371,60,Paragon,Karta,2019-09-29
372,450,Rachunek,Przelew,2020-02-15
373,538,Paragon,Przelew,2022-12-23
374,428,Paragon,Przelew,2023-12-24
375,84,Faktura,Przelew,2023-10-09
376,342,Faktura,Przelew,2023-10-05
377,581,Rachunek,Gotówka,2021-09-13
378,809,Faktura,Przelew,2022-02-12
379,829,Rachunek,Karta,2019-01-21
380,426,Rachunek,Gotówka,2020-08-10
381,43,Paragon,Gotówka,2021-07-19
382,83,Faktura,Gotówka,2023-05-03
383,514,Faktura,Gotówka,2022-09-27
384,869,Faktura,Gotówka,2021-12-16
385,962,Faktura,Przelew,2021-05-12
386,728,Paragon,Gotówka,2020-03-18
387,50,Rachunek,Gotówka,2022-05-02
388,382,Paragon,Karta,2019-11-11
389,427,Faktura,Karta,2022-07-25
390,532,Rachunek,Przelew,2020-03-12
391,384,Paragon,Karta,2019-05-27
392,250,Faktura,Przelew,2018-01-11
393,21,Faktura,Gotówka,2020-11-05
394,860,Rachunek,Przelew,2019-10-01
395,717,Rachunek,Przelew,2018-04-12
396,617,Rachunek,Gotówka,2021-11-18
397,111,Rachunek,Karta,2019-03-28
398,250,Faktura,Karta,2023-08-09
399,355,Rachunek,Karta,2019-10-25
400,79,Paragon,Przelew,2023-04-27
401,417,Paragon,Przelew,2020-02-12
402,878,Paragon,Gotówka,2023-06-30
403,730,Paragon,Gotówka,2023-09-17
404,861,Paragon,Gotówka,2023-03-19
405,490,Rachunek,Gotówka,2022-01-05
406,105,Paragon,Przelew,2018-04-11
407,213,Rachunek,Gotówka,2018-10-28
408,295,Paragon,Karta,2022-09-10
409,777,Paragon,Gotówka,2018-10-18
410,602,Faktura,Karta,2018-06-04
411,947,Faktura,Karta,2020-11-26
412,797,Rachunek,Gotówka,2022-02-20
413,454,Rachunek,Przelew,2022-09-19
414,19,Paragon,Karta,2023-01-05
415,233,Paragon,Gotówka,2020-12-20
416,701,Faktura,Karta,2020-11-02
417,751,Paragon,Karta,2023-01-23
418,443,Rachunek,Przelew,2019-01-22
419,941,Faktura,Karta,2018-08-01
420,189,Faktura,Karta,2021-10-08
421,678,Paragon,Gotówka,2020-01-28
422,652,Faktura,Karta,2022-07-10
423,626,Paragon,Gotówka,2023-12-30
424,788,Paragon,Przelew,2018-07-03
425,304,Paragon,Gotówka,2018-10-16
426,764,Paragon,Przelew,2019-07-08
427,977,Rachunek,Karta,2018-09-02
428,792,Faktura,Przelew,2023-08-09
429,678,Paragon,Przelew,2023-01-01
430,222,Paragon,Przelew,2023-01-31
431,668,Faktura,Przelew,2019-09-25
432,415,Faktura,Gotówka,2021-02-10
433,230,Rachunek,Gotówka,2018-08-28
434,95,Rachunek,Gotówka,2020-01-16
435,146,Rachunek,Przelew,2022-08-31
436,944,Faktura,Karta,2020-05-23
437,257,Paragon,Karta,2019-12-13
438,28,Rachunek,Karta,2020-05-03
439,144,Faktura,Gotówka,2018-12-09
440,241,Paragon,Karta,2018-10-05
441,908,Paragon,Przelew,2022-10-04
442,961,Rachunek,Przelew,2023-04-06
443,349,Paragon,Karta,2020-08-28
444,393,Paragon,Przelew,2021-05-21
445,401,Rachunek,Gotówka,2020-01-20
446,505,Faktura,Przelew,2020-11-01
447,179,Paragon,Przelew,2018-11-12
448,637,Paragon,Gotówka,2023-03-15
449,660,Faktura,Przelew,2020-12-17
450,627,Paragon,Karta,2021-06-01
451,811,Rachunek,Przelew,2019-03-21
452,206,Rachunek,Przelew,2018-03-03
453,729,Rachunek,Gotówka,2021-06-11
454,977,Faktura,Przelew,2018-09-17
455,215,Paragon,Gotówka,2018-11-29
456,975,Paragon,Karta,2023-03-17
457,435,Faktura,Przelew,2023-04-21
458,929,Paragon,Przelew,2023-01-16
459,608,Paragon,Przelew,2019-10-31
460,665,Faktura,Karta,2021-06-23
461,85,Paragon,Przelew,2018-04-09
462,174,Faktura,Gotówka,2020-11-20
463,376,Rachunek,Karta,2021-03-12
464,984,Rachunek,Przelew,2021-05-25
465,931,Faktura,Karta,2023-05-23
466,950,Rachunek,Gotówka,2022-10-30
467,254,Faktura,Gotówka,2023-06-03
468,253,Faktura,Gotówka,2023-08-29
469,751,Rachunek,Karta,2018-07-24
470,59,Paragon,Gotówka,2021-11-14
471,679,Rachunek,Karta,2023-10-23
472,740,Rachunek,Karta,2021-05-25
473,278,Paragon,Przelew,2020-10-27
474,221,Paragon,Karta,2023-03-01
475,690,Rachunek,Karta,2021-12-22
476,174,Rachunek,Karta,2018-09-22
477,506,Faktura,Karta,2020-05-02
478,348,Rachunek,Gotówka,2023-09-05
479,865,Faktura,Karta,2019-05-16
480,647,Rachunek,Gotówka,2022-09-04
481,937,Paragon,Karta,2021-11-24
482,96,Rachunek,Karta,2021-07-02
483,28,Paragon,Przelew,2020-10-01
484,407,Paragon,Karta,2018-09-10
485,450,Paragon,Karta,2018-07-26
486,259,Faktura,Gotówka,2023-08-23
487,376,Paragon,Gotówka,2022-04-12
488,795,Faktura,Karta,2019-04-02
489,141,Rachunek,Karta,2021-05-20
490,348,Paragon,Karta,2023-05-16
491,458,Paragon,Karta,2018-10-10
492,226,Rachunek,Gotówka,2021-05-14
493,450,Paragon,Karta,2022-01-11
494,572,Faktura,Gotówka,2018-03-03
495,415,Paragon,Gotówka,2020-12-08
496,714,Faktura,Karta,2021-01-25
497,958,Rachunek,Gotówka,2018-05-06
498,450,Paragon,Przelew,2020-08-03
499,613,Rachunek,Gotówka,2022-04-01
500,955,Rachunek,Karta,2020-04-26
501,36,Faktura,Przelew,2023-01-03
502,145,Faktura,Gotówka,2021-03-10
503,1,Faktura,Przelew,2019-04-06
504,897,Faktura,Gotówka,2019-12-30
505,40,Faktura,Karta,2018-05-08
506,102,Rachunek,Karta,2018-07-20
507,474,Rachunek,Karta,2018-08-22
508,325,Rachunek,Karta,2019-07-12
509,547,Rachunek,Karta,2020-12-26
510,973,Faktura,Karta,2021-05-18
511,954,Faktura,Przelew,2021-10-31
512,850,Faktura,Karta,2023-07-23
513,980,Paragon,Przelew,2018-04-27
514,515,Rachunek,Gotówka,2023-01-28
515,113,Rachunek,Przelew,2021-07-18
516,922,Faktura,Przelew,2023-08-22
517,795,Faktura,Przelew,2021-11-11
518,939,Faktura,Przelew,2018-04-03
519,715,Faktura,Karta,2019-09-11
520,312,Paragon,Karta,2020-06-20
521,766,Rachunek,Gotówka,2021-10-04
522,932,Faktura,Karta,2022-10-11
523,992,Paragon,Gotówka,2019-05-21
524,13,Rachunek,Karta,2021-05-12
525,975,Rachunek,Gotówka,2018-05-13
526,567,Paragon,Gotówka,2021-11-10
527,105,Rachunek,Karta,2023-01-21
528,150,Paragon,Karta,2019-03-12
529,370,Rachunek,Gotówka,2023-09-30
530,915,Faktura,Przelew,2019-11-09
531,400,Rachunek,Przelew,2019-09-22
532,835,Rachunek,Gotówka,2020-06-18
533,792,Paragon,Karta,2022-03-21
534,915,Rachunek,Przelew,2023-12-31
535,375,Faktura,Karta,2022-08-27
536,271,Faktura,Karta,2021-05-25
537,729,Rachunek,Przelew,2018-11-03
538,404,Paragon,Gotówka,2022-09-15
539,893,Rachunek,Karta,2018-02-24
540,572,Rachunek,Gotówka,2022-03-02
541,684,Faktura,Przelew,2018-06-11
542,722,Paragon,Gotówka,2018-10-24
543,190,Paragon,Gotówka,2020-10-08
544,750,Rachunek,Gotówka,2023-11-21
545,39,Paragon,Gotówka,2021-10-28
546,163,Paragon,Przelew,2019-09-04
547,201,Faktura,Przelew,2023-04-12
548,958,Rachunek,Karta,2018-04-21
549,403,Paragon,Przelew,2018-02-14
550,536,Faktura,Karta,2021-01-04
551,994,Rachunek,Przelew,2020-05-15
552,279,Rachunek,Karta,2022-01-20
553,807,Faktura,Przelew,2018-10-07
554,441,Rachunek,Karta,2021-12-27
555,289,Rachunek,Przelew,2021-04-09
556,18,Paragon,Karta,2021-02-02
557,243,Rachunek,Gotówka,2023-09-06
558,927,Paragon,Karta,2019-04-13
559,687,Faktura,Karta,2018-01-11
560,987,Rachunek,Gotówka,2022-10-04
561,140,Rachunek,Przelew,2020-07-11
562,122,Paragon,Gotówka,2022-07-10
563,942,Paragon,Gotówka,2022-06-10
564,59,Paragon,Przelew,2018-01-23
565,84,Rachunek,Przelew,2021-03-09
566,314,Paragon,Przelew,2018-06-14
567,751,Rachunek,Przelew,2023-04-21
568,271,Faktura,Gotówka,2020-07-30
569,497,Rachunek,Karta,2022-01-26
570,848,Rachunek,Gotówka,2020-07-14
571,219,Paragon,Przelew,2019-05-10
572,333,Faktura,Przelew,2022-02-07
573,691,Rachunek,Gotówka,2020-07-20
574,21,Paragon,Przelew,2018-05-24
575,237,Faktura,Przelew,2019-09-10
576,468,Rachunek,Przelew,2019-01-21
577,977,Paragon,Przelew,2019-06-10
578,8,Rachunek,Gotówka,2018-10-26
579,509,Faktura,Przelew,2022-03-31
580,643,Paragon,Gotówka,2021-09-01
581,531,Faktura,Karta,2022-12-06
582,954,Rachunek,Gotówka,2023-04-02
583,285,Rachunek,Karta,2019-04-26
584,991,Paragon,Karta,2021-06-01
585,839,Paragon,Karta,2020-09-16
586,787,Faktura,Gotówka,2022-07-05
587,349,Paragon,Gotówka,2018-09-23
588,775,Faktura,Gotówka,2022-09-14
589,454,Paragon,Przelew,2019-12-26
590,501,Paragon,Przelew,2021-11-15
591,944,Paragon,Karta,2023-04-14
592,537,Paragon,Karta,2023-05-31
593,94,Paragon,Przelew,2020-09-02
594,925,Faktura,Przelew,2022-09-18
595,183,Paragon,Przelew,2022-01-21
596,949,Rachunek,Przelew,2021-09-12
597,823,Rachunek,Karta,2023-11-09
598,207,Rachunek,Karta,2018-05-02
599,163,Rachunek,Gotówka,2021-03-30
600,151,Paragon,Karta,2022-06-20
601,416,Paragon,Gotówka,2023-10-08
602,769,Paragon,Karta,2021-03-31
603,341,Paragon,Karta,2021-02-08
604,336,Faktura,Przelew,2020-12-10
605,962,Paragon,Karta,2019-04-02
606,445,Rachunek,Gotówka,2020-04-02
607,840,Faktura,Karta,2023-12-21
608,507,Rachunek,Gotówka,2021-11-02
609,578,Rachunek,Gotówka,2018-05-04
610,330,Faktura,Przelew,2023-08-18
611,171,Paragon,Przelew,2020-03-13
612,954,Paragon,Gotówka,2022-12-05
613,281,Rachunek,Gotówka,2021-05-04
614,250,Faktura,Gotówka,2020-12-17
615,346,Rachunek,Przelew,2021-07-31
616,200,Faktura,Gotówka,2023-12-06
617,126,Faktura,Gotówka,2021-07-06
618,731,Paragon,Przelew,2020-08-30
619,252,Paragon,Karta,2018-06-08
620,510,Paragon,Karta,2021-01-31
621,960,Faktura,Gotówka,2018-03-01
622,55,Paragon,Przelew,2021-04-09
623,349,Rachunek,Gotówka,2021-10-23
624,729,Rachunek,Przelew,2020-11-18
625,134,Paragon,Gotówka,2020-06-12
626,566,Rachunek,Karta,2018-08-27
627,915,Paragon,Przelew,2020-08-01
628,136,Faktura,Karta,2021-06-06
629,74,Faktura,Karta,2021-10-16
630,73,Paragon,Przelew,2019-02-22
631,26,Paragon,Gotówka,2018-09-18
632,321,Rachunek,Przelew,2019-03-17
633,639,Paragon,Przelew,2018-10-25
634,887,Paragon,Karta,2023-04-03
635,66,Rachunek,Gotówka,2019-07-31
636,763,Faktura,Gotówka,2018-10-02
637,272,Paragon,Karta,2020-08-18
638,419,Rachunek,Gotówka,2019-01-23
639,894,Rachunek,Gotówka,2023-02-07
640,987,Faktura,Karta,2021-11-21
641,475,Paragon,Gotówka,2022-08-27
642,562,Rachunek,Gotówka,2022-08-14
643,709,Faktura,Przelew,2021-05-05
644,713,Paragon,Karta,2018-04-28
645,143,Rachunek,Karta,2023-10-12
646,326,Faktura,Karta,2022-09-21
647,787,Faktura,Gotówka,2020-09-04
648,970,Faktura,Gotówka,2019-03-01
649,476,Faktura,Gotówka,2018-09-26
650,416,Rachunek,Gotówka,2023-02-15
651,463,Paragon,Przelew,2023-03-14
652,294,Rachunek,Karta,2018-07-23
653,730,Faktura,Gotówka,2023-04-30
654,975,Rachunek,Karta,2018-01-04
655,756,Rachunek,Przelew,2022-04-12
656,106,Rachunek,Karta,2020-09-30
657,622,Paragon,Gotówka,2018-07-31
658,132,Faktura,Przelew,2022-12-14
659,82,Rachunek,Przelew,2023-10-07
660,173,Rachunek,Karta,2018-09-08
661,515,Paragon,Przelew,2021-01-06
662,241,Faktura,Karta,2020-07-23
663,908,Faktura,Przelew,2022-10-25
664,572,Paragon,Gotówka,2022-09-23
665,933,Rachunek,Gotówka,2023-09-10
666,771,Paragon,Karta,2018-03-07
667,282,Faktura,Gotówka,2018-06-13
668,576,Faktura,Gotówka,2022-06-21
669,246,Rachunek,Gotówka,2020-03-20
670,517,Paragon,Gotówka,2023-11-07
671,911,Faktura,Przelew,2018-03-14
672,644,Rachunek,Przelew,2022-04-22
673,914,Paragon,Gotówka,2023-06-15
674,982,Faktura,Przelew,2023-01-01
675,722,Faktura,Przelew,2023-07-10
676,202,Paragon,Karta,2022-09-20
677,988,Paragon,Przelew,2020-06-15
678,704,Faktura,Przelew,2020-08-03
679,599,Rachunek,Gotówka,2018-10-22
680,286,Rachunek,Gotówka,2021-07-01
681,386,Faktura,Karta,2019-02-18
682,602,Paragon,Gotówka,2021-09-13
683,829,Rachunek,Gotówka,2019-10-14
684,816,Faktura,Gotówka,2022-05-03
685,579,Faktura,Gotówka,2019-09-11
686,261,Rachunek,Karta,2020-04-24
687,567,Faktura,Karta,2020-01-06
688,132,Faktura,Gotówka,2022-09-20
689,998,Rachunek,Przelew,2019-07-08
690,400,Faktura,Przelew,2019-06-08
691,13,Faktura,Przelew,2021-03-14
692,994,Faktura,Przelew,2021-09-04
693,444,Rachunek,Gotówka,2022-02-06
694,957,Paragon,Przelew,2019-10-03
695,226,Rachunek,Gotówka,2020-11-17
696,544,Faktura,Karta,2019-04-30
697,986,Paragon,Gotówka,2023-04-07
698,140,Rachunek,Przelew,2023-07-10
699,30,Faktura,Gotówka,2022-05-29
700,190,Faktura,Gotówka,2021-11-26
701,962,Paragon,Gotówka,2019-02-04
702,701,Paragon,Karta,2020-07-18
703,555,Rachunek,Gotówka,2019-12-11
704,367,Paragon,Karta,2019-03-01
705,297,Rachunek,Karta,2021-04-15
706,560,Faktura,Gotówka,2019-03-11
707,730,Paragon,Karta,2020-04-12
708,245,Paragon,Gotówka,2022-08-07
709,73,Faktura,Karta,2018-05-14
710,824,Rachunek,Karta,2021-11-30
711,622,Paragon,Gotówka,2018-03-01
712,979,Faktura,Gotówka,2019-01-02
713,966,Faktura,Przelew,2023-10-02
714,201,Rachunek,Przelew,2020-01-31
715,814,Rachunek,Karta,2022-09-30
716,146,Paragon,Karta,2019-09-04
717,475,Paragon,Karta,2018-05-11
718,527,Rachunek,Przelew,2021-12-14
719,405,Paragon,Karta,2021-01-09
720,351,Faktura,Karta,2018-06-21
721,316,Faktura,Karta,2019-02-25
722,224,Rachunek,Gotówka,2022-08-16
723,883,Paragon,Przelew,2020-12-18
724,385,Rachunek,Przelew,2018-07-01
725,76,Faktura,Przelew,2022-07-25
726,783,Rachunek,Karta,2021-03-05
727,779,Rachunek,Gotówka,2023-03-03
728,262,Rachunek,Gotówka,2023-04-12
729,334,Paragon,Gotówka,2021-09-10
730,794,Paragon,Gotówka,2021-04-24
731,732,Rachunek,Karta,2023-04-15
732,869,Rachunek,Karta,2022-06-25
733,510,Faktura,Gotówka,2021-11-17
734,10,Faktura,Przelew,2021-03-09
735,571,Faktura,Gotówka,2021-12-10
736,123,Paragon,Karta,2022-10-28
737,103,Rachunek,Gotówka,2022-12-28
738,808,Faktura,Gotówka,2023-06-01
739,102,Paragon,Gotówka,2023-12-11
740,584,Rachunek,Gotówka,2022-12-01
741,733,Paragon,Gotówka,2021-12-29
742,436,Faktura,Gotówka,2021-12-30
743,848,Faktura,Przelew,2023-02-09
744,265,Paragon,Gotówka,2022-04-18
745,178,Paragon,Karta,2023-05-12
746,742,Paragon,Przelew,2022-11-27
747,266,Paragon,Karta,2019-03-04
748,510,Rachunek,Przelew,2023-10-07
749,3,Rachunek,Przelew,2022-08-21
750,311,Paragon,Przelew,2021-05-30
751,206,Faktura,Przelew,2019-12-14
752,459,Paragon,Karta,2018-12-18
753,18,Rachunek,Przelew,2020-04-29
754,78,Rachunek,Gotówka,2023-08-04
755,252,Faktura,Przelew,2019-04-25
756,745,Paragon,Gotówka,2020-12-12
757,171,Rachunek,Karta,2023-03-26
758,734,Faktura,Karta,2023-12-24
759,215,Faktura,Gotówka,2019-10-11
760,133,Paragon,Przelew,2019-05-22
761,898,Faktura,Gotówka,2023-10-01
762,989,Paragon,Gotówka,2022-10-19
763,126,Faktura,Karta,2022-05-14
764,493,Paragon,Przelew,2019-05-10
765,201,Faktura,Gotówka,2019-12-24
766,173,Rachunek,Przelew,2023-05-12
767,854,Faktura,Przelew,2020-03-13
768,568,Paragon,Karta,2021-07-04
769,733,Rachunek,Gotówka,2019-04-07
770,156,Paragon,Przelew,2019-03-04
771,589,Faktura,Gotówka,2020-11-25
772,813,Paragon,Karta,2021-12-25
773,991,Faktura,Przelew,2022-10-28
774,982,Rachunek,Karta,2020-03-04
775,654,Faktura,Karta,2018-05-30
776,744,Faktura,Karta,2019-12-14
777,902,Faktura,Karta,2019-08-06
778,599,Faktura,Gotówka,2021-09-09
779,418,Rachunek,Przelew,2022-04-18
780,211,Paragon,Karta,2020-08-14
781,897,Faktura,Przelew,2020-07-14
782,460,Rachunek,Przelew,2020-08-17
783,291,Paragon,Przelew,2018-11-27
784,233,Rachunek,Karta,2021-11-14
785,695,Rachunek,Gotówka,2023-01-12
786,818,Faktura,Karta,2020-01-12
787,64,Faktura,Karta,2020-07-30
788,395,Rachunek,Przelew,2022-08-14
789,178,Faktura,Karta,2018-03-19
790,371,Faktura,Przelew,2019-11-13
791,870,Faktura,Gotówka,2020-01-18
792,949,Faktura,Gotówka,2023-12-01
793,445,Paragon,Karta,2023-07-06
794,757,Rachunek,Gotówka,2022-09-08
795,172,Rachunek,Karta,2020-02-21
796,327,Paragon,Przelew,2020-02-19
797,427,Rachunek,Przelew,2023-04-10
798,460,Rachunek,Gotówka,2022-04-12
799,916,Rachunek,Gotówka,2019-09-02
800,438,Rachunek,Przelew,2021-05-31
801,202,Rachunek,Karta,2018-11-13
802,190,Faktura,Gotówka,2020-12-07
803,559,Rachunek,Przelew,2019-02-23
804,675,Faktura,Karta,2022-11-01
805,722,Rachunek,Gotówka,2018-03-29
806,981,Rachunek,Gotówka,2022-10-05
807,495,Paragon,Karta,2023-03-16
808,865,Faktura,Przelew,2020-09-04
809,328,Paragon,Karta,2021-02-17
810,535,Rachunek,Przelew,2022-06-28
811,349,Rachunek,Przelew,2022-04-15
812,705,Faktura,Karta,2020-08-07
813,207,Faktura,Gotówka,2023-01-13
814,510,Faktura,Karta,2018-11-30
815,130,Rachunek,Karta,2021-05-08
816,136,Paragon,Karta,2019-12-25
817,788,Faktura,Przelew,2019-02-14
818,218,Faktura,Gotówka,2022-08-03
819,880,Paragon,Przelew,2018-01-10
820,501,Paragon,Gotówka,2020-01-25
821,159,Rachunek,Karta,2018-01-30
822,708,Faktura,Przelew,2021-11-28
823,625,Paragon,Karta,2021-02-22
824,350,Rachunek,Przelew,2019-12-01
825,895,Paragon,Gotówka,2023-02-05
826,355,Rachunek,Gotówka,2018-10-20
827,604,Rachunek,Gotówka,2019-02-20
828,250,Rachunek,Przelew,2020-05-13
829,197,Faktura,Gotówka,2022-12-01
830,833,Faktura,Przelew,2020-09-10
831,422,Faktura,Karta,2020-02-08
832,86,Paragon,Gotówka,2021-04-10
833,374,Paragon,Gotówka,2022-03-03
834,37,Paragon,Karta,2022-07-12
835,532,Rachunek,Gotówka,2023-08-22
836,762,Faktura,Przelew,2021-06-16
837,875,Faktura,Przelew,2023-07-04
838,337,Rachunek,Karta,2021-11-06
839,747,Faktura,Przelew,2020-12-01
840,227,Paragon,Karta,2020-12-17
841,338,Rachunek,Gotówka,2018-07-05
842,227,Faktura,Karta,2023-11-29
843,523,Faktura,Gotówka,2023-08-16
844,65,Faktura,Przelew,2021-09-19
845,668,Paragon,Przelew,2020-02-22
846,310,Rachunek,Karta,2018-12-16
847,277,Faktura,Gotówka,2018-10-26
848,480,Faktura,Przelew,2022-10-21
849,119,Rachunek,Przelew,2022-06-25
850,368,Paragon,Karta,2021-03-20
851,643,Rachunek,Przelew,2018-02-21
852,849,Faktura,Gotówka,2018-07-17
853,28,Rachunek,Karta,2020-07-05
854,307,Faktura,Gotówka,2018-05-19
855,815,Faktura,Przelew,2023-03-02
856,360,Faktura,Karta,2020-01-29
857,321,Paragon,Karta,2018-09-28
858,814,Paragon,Przelew,2020-08-09
859,616,Faktura,Gotówka,2019-10-08
860,526,Faktura,Karta,2020-12-29
861,438,Paragon,Karta,2018-06-12
862,635,Rachunek,Przelew,2018-10-21
863,114,Faktura,Karta,2023-03-14
864,15,Paragon,Przelew,2019-05-12
865,265,Paragon,Gotówka,2018-03-30
866,49,Faktura,Gotówka,2019-12-07
867,109,Paragon,Przelew,2021-05-22
868,587,Paragon,Karta,2020-03-21
869,860,Rachunek,Przelew,2023-10-01
870,106,Faktura,Przelew,2019-09-26
871,403,Rachunek,Gotówka,2023-04-03
872,46,Faktura,Przelew,2023-08-02
873,123,Faktura,Karta,2021-08-02
874,669,Faktura,Gotówka,2020-09-04
875,556,Faktura,Karta,2021-03-24
876,746,Rachunek,Gotówka,2022-03-31
877,865,Faktura,Gotówka,2020-02-03
878,627,Faktura,Przelew,2022-11-29
879,972,Rachunek,Karta,2018-02-10
880,426,Rachunek,Gotówka,2018-01-20
881,130,Paragon,Gotówka,2020-01-23
882,507,Paragon,Gotówka,2019-04-24
883,913,Paragon,Przelew,2022-11-07
884,838,Faktura,Przelew,2021-02-09
885,617,Paragon,Gotówka,2020-08-31
886,647,Rachunek,Gotówka,2018-03-15
887,88,Faktura,Karta,2020-07-12
888,620,Rachunek,Karta,2019-08-11
889,337,Paragon,Gotówka,2021-11-22
890,390,Paragon,Gotówka,2019-07-02
891,711,Rachunek,Karta,2023-04-27
892,804,Paragon,Przelew,2020-05-29
893,390,Rachunek,Gotówka,2023-08-10
894,755,Rachunek,Gotówka,2019-09-14
895,122,Paragon,Karta,2019-11-17
896,881,Paragon,Karta,2020-03-01
897,275,Paragon,Gotówka,2020-04-24
898,355,Faktura,Gotówka,2022-01-25
899,40,Paragon,Karta,2021-05-09
900,972,Rachunek,Przelew,2020-05-09
901,395,Faktura,Gotówka,2023-05-20
902,193,Faktura,Gotówka,2023-12-08
903,70,Rachunek,Karta,2023-08-26
904,155,Faktura,Przelew,2019-01-22
905,331,Paragon,Przelew,2020-11-30
906,3,Faktura,Gotówka,2018-05-19
907,145,Faktura,Gotówka,2018-05-30
908,820,Rachunek,Przelew,2021-06-13
909,765,Rachunek,Gotówka,2022-02-22
910,845,Rachunek,Przelew,2021-02-15
911,765,Rachunek,Karta,2022-10-29
912,52,Paragon,Gotówka,2019-10-23
913,876,Paragon,Karta,2021-05-01
914,259,Faktura,Gotówka,2020-02-27
915,635,Rachunek,Przelew,2020-07-26
916,557,Rachunek,Gotówka,2023-11-04
917,836,Paragon,Karta,2020-05-26
918,592,Rachunek,Przelew,2023-11-28
919,244,Faktura,Karta,2022-11-05
920,689,Faktura,Gotówka,2020-08-16
921,17,Paragon,Przelew,2018-04-14
922,884,Paragon,Gotówka,2018-04-13
923,313,Rachunek,Karta,2018-06-12
924,346,Paragon,Gotówka,2020-03-20
925,981,Faktura,Przelew,2019-02-07
926,304,Faktura,Przelew,2023-05-06
927,493,Paragon,Karta,2021-06-03
928,884,Rachunek,Gotówka,2018-06-15
929,885,Rachunek,Przelew,2020-08-16
930,538,Rachunek,Przelew,2020-08-20
931,232,Faktura,Przelew,2020-09-15
932,663,Rachunek,Gotówka,2022-08-23
933,355,Paragon,Gotówka,2023-07-19
934,117,Paragon,Karta,2023-08-03
935,972,Paragon,Karta,2019-07-25
936,536,Rachunek,Gotówka,2022-04-25
937,155,Faktura,Przelew,2019-03-02
938,528,Paragon,Przelew,2020-02-04
939,137,Faktura,Karta,2018-07-07
940,975,Faktura,Przelew,2021-07-11
941,415,Rachunek,Gotówka,2021-04-06
942,964,Faktura,Gotówka,2021-03-29
943,362,Faktura,Gotówka,2022-09-12
944,288,Faktura,Przelew,2023-07-15
945,334,Rachunek,Karta,2019-09-26
946,864,Faktura,Karta,2018-02-23
947,599,Faktura,Karta,2019-07-23
948,636,Rachunek,Gotówka,2018-09-20
949,983,Paragon,Gotówka,2020-08-14
950,855,Paragon,Gotówka,2023-08-21
951,468,Rachunek,Gotówka,2018-02-04
952,207,Faktura,Przelew,2023-09-02
953,280,Paragon,Przelew,2022-01-17
954,15,Rachunek,Gotówka,2023-09-12
955,695,Faktura,Karta,2021-03-09
956,34,Paragon,Przelew,2023-02-25
957,220,Faktura,Przelew,2020-10-04
958,705,Rachunek,Karta,2022-11-29
959,356,Paragon,Karta,2019-10-01
960,913,Paragon,Przelew,2019-06-17
961,262,Faktura,Przelew,2023-11-20
962,262,Faktura,Gotówka,2023-04-27
963,898,Paragon,Karta,2020-04-26
964,20,Paragon,Przelew,2022-09-27
965,993,Faktura,Gotówka,2018-08-31
966,550,Paragon,Przelew,2019-02-15
967,717,Faktura,Karta,2019-06-03
968,255,Faktura,Karta,2022-11-09
969,474,Rachunek,Gotówka,2023-12-19
970,617,Rachunek,Gotówka,2022-05-28
971,764,Paragon,Przelew,2021-12-07
972,52,Faktura,Gotówka,2018-08-24
973,90,Rachunek,Przelew,2023-10-25
974,600,Faktura,Karta,2022-09-17
975,618,Rachunek,Karta,2022-03-28
976,678,Faktura,Przelew,2023-03-01
977,790,Faktura,Karta,2018-03-02
978,411,Paragon,Gotówka,2023-03-23
979,519,Faktura,Gotówka,2018-09-24
980,629,Faktura,Przelew,2022-12-31
981,505,Paragon,Gotówka,2023-07-06
982,299,Faktura,Przelew,2020-06-09
983,559,Rachunek,Gotówka,2018-04-20
984,199,Rachunek,Przelew,2021-03-04
985,127,Paragon,Karta,2021-01-27
986,119,Rachunek,Gotówka,2022-12-11
987,279,Rachunek,Karta,2021-08-13
988,363,Paragon,Przelew,2021-06-19
989,266,Rachunek,Przelew,2022-02-12
990,537,Rachunek,Gotówka,2021-09-04
991,221,Paragon,Karta,2023-03-25
992,471,Faktura,Przelew,2022-12-16
993,886,Paragon,Przelew,2022-02-04
994,575,Paragon,Przelew,2023-05-02
995,943,Rachunek,Przelew,2021-02-10
996,249,Faktura,Karta,2019-02-03
997,415,Paragon,Karta,2019-09-09
998,549,Faktura,Przelew,2018-09-02
999,297,Rachunek,Przelew,2022-07-10
1000,295,Rachunek,Przelew,2019-12-19
