1,85,43,Imie 1,Nazwisko 1
2,91,87,Imie 2,Nazwisko 2
3,100,45,Imie 3,Nazwisko 3
4,92,91,Imie 4,Nazwisko 4
5,84,96,Imie 5,Nazwisko 5
6,49,45,Imie 6,Nazwisko 6
7,22,70,Imie 7,Nazwisko 7
8,59,34,Imie 8,Nazwisko 8
9,100,65,Imie 9,Nazwisko 9
10,58,33,Imie 10,Nazwisko 10
11,27,44,Imie 11,Nazwisko 11
12,85,46,Imie 12,Nazwisko 12
13,29,68,Imie 13,Nazwisko 13
14,37,74,Imie 14,Nazwisko 14
15,17,6,Imie 15,Nazwisko 15
16,37,74,Imie 16,Nazwisko 16
17,88,19,Imie 17,Nazwisko 17
18,1,23,Imie 18,Nazwisko 18
19,84,32,Imie 19,Nazwisko 19
20,60,90,Imie 20,Nazwisko 20
21,72,84,Imie 21,Nazwisko 21
22,86,38,Imie 22,Nazwisko 22
23,3,24,Imie 23,Nazwisko 23
24,26,91,Imie 24,Nazwisko 24
25,44,17,Imie 25,Nazwisko 25
26,68,52,Imie 26,Nazwisko 26
27,45,82,Imie 27,Nazwisko 27
28,66,42,Imie 28,Nazwisko 28
29,26,88,Imie 29,Nazwisko 29
30,72,82,Imie 30,Nazwisko 30
31,25,86,Imie 31,Nazwisko 31
32,46,16,Imie 32,Nazwisko 32
33,56,69,Imie 33,Nazwisko 33
34,45,66,Imie 34,Nazwisko 34
35,2,90,Imie 35,Nazwisko 35
36,57,89,Imie 36,Nazwisko 36
37,86,54,Imie 37,Nazwisko 37
38,37,19,Imie 38,Nazwisko 38
39,60,62,Imie 39,Nazwisko 39
40,87,32,Imie 40,Nazwisko 40
41,77,35,Imie 41,Nazwisko 41
42,17,60,Imie 42,Nazwisko 42
43,57,78,Imie 43,Nazwisko 43
44,28,73,Imie 44,Nazwisko 44
45,87,51,Imie 45,Nazwisko 45
46,21,5,Imie 46,Nazwisko 46
47,9,11,Imie 47,Nazwisko 47
48,77,12,Imie 48,Nazwisko 48
49,52,93,Imie 49,Nazwisko 49
50,93,79,Imie 50,Nazwisko 50
51,54,51,Imie 51,Nazwisko 51
52,73,35,Imie 52,Nazwisko 52
53,38,100,Imie 53,Nazwisko 53
54,53,95,Imie 54,Nazwisko 54
55,97,24,Imie 55,Nazwisko 55
56,46,63,Imie 56,Nazwisko 56
57,46,30,Imie 57,Nazwisko 57
58,70,99,Imie 58,Nazwisko 58
59,71,1,Imie 59,Nazwisko 59
60,18,56,Imie 60,Nazwisko 60
61,22,46,Imie 61,Nazwisko 61
62,82,9,Imie 62,Nazwisko 62
63,32,41,Imie 63,Nazwisko 63
64,46,80,Imie 64,Nazwisko 64
65,45,78,Imie 65,Nazwisko 65
66,100,10,Imie 66,Nazwisko 66
67,88,90,Imie 67,Nazwisko 67
68,79,76,Imie 68,Nazwisko 68
69,78,38,Imie 69,Nazwisko 69
70,78,88,Imie 70,Nazwisko 70
71,73,23,Imie 71,Nazwisko 71
72,23,51,Imie 72,Nazwisko 72
73,41,35,Imie 73,Nazwisko 73
74,14,56,Imie 74,Nazwisko 74
75,79,63,Imie 75,Nazwisko 75
76,28,69,Imie 76,Nazwisko 76
77,80,49,Imie 77,Nazwisko 77
78,17,5,Imie 78,Nazwisko 78
79,84,7,Imie 79,Nazwisko 79
80,10,74,Imie 80,Nazwisko 80
81,39,37,Imie 81,Nazwisko 81
82,55,87,Imie 82,Nazwisko 82
83,8,56,Imie 83,Nazwisko 83
84,56,60,Imie 84,Nazwisko 84
85,20,7,Imie 85,Nazwisko 85
86,53,37,Imie 86,Nazwisko 86
87,1,47,Imie 87,Nazwisko 87
88,51,64,Imie 88,Nazwisko 88
89,80,9,Imie 89,Nazwisko 89
90,69,35,Imie 90,Nazwisko 90
91,60,47,Imie 91,Nazwisko 91
92,31,62,Imie 92,Nazwisko 92
93,13,27,Imie 93,Nazwisko 93
94,78,20,Imie 94,Nazwisko 94
95,35,54,Imie 95,Nazwisko 95
96,4,8,Imie 96,Nazwisko 96
97,74,73,Imie 97,Nazwisko 97
98,73,58,Imie 98,Nazwisko 98
99,37,68,Imie 99,Nazwisko 99
100,98,31,Imie 100,Nazwisko 100
101,53,4,Imie 101,Nazwisko 101
102,81,93,Imie 102,Nazwisko 102
103,49,55,Imie 103,Nazwisko 103
104,1,35,Imie 104,Nazwisko 104
105,25,33,Imie 105,Nazwisko 105
106,47,88,Imie 106,Nazwisko 106
107,83,13,Imie 107,Nazwisko 107
108,74,78,Imie 108,Nazwisko 108
109,12,40,Imie 109,Nazwisko 109
110,15,36,Imie 110,Nazwisko 110
111,10,94,Imie 111,Nazwisko 111
112,76,100,Imie 112,Nazwisko 112
113,61,47,Imie 113,Nazwisko 113
114,66,47,Imie 114,Nazwisko 114
115,52,23,Imie 115,Nazwisko 115
116,76,38,Imie 116,Nazwisko 116
117,34,49,Imie 117,Nazwisko 117
118,90,26,Imie 118,Nazwisko 118
119,1,15,Imie 119,Nazwisko 119
120,62,62,Imie 120,Nazwisko 120
121,70,79,Imie 121,Nazwisko 121
122,57,51,Imie 122,Nazwisko 122
123,1,26,Imie 123,Nazwisko 123
124,17,60,Imie 124,Nazwisko 124
125,67,38,Imie 125,Nazwisko 125
126,38,76,Imie 126,Nazwisko 126
127,25,82,Imie 127,Nazwisko 127
128,19,65,Imie 128,Nazwisko 128
129,14,42,Imie 129,Nazwisko 129
130,70,98,Imie 130,Nazwisko 130
131,49,56,Imie 131,Nazwisko 131
132,71,87,Imie 132,Nazwisko 132
133,56,53,Imie 133,Nazwisko 133
134,72,87,Imie 134,Nazwisko 134
135,29,41,Imie 135,Nazwisko 135
136,64,78,Imie 136,Nazwisko 136
137,11,78,Imie 137,Nazwisko 137
138,34,8,Imie 138,Nazwisko 138
139,84,94,Imie 139,Nazwisko 139
140,65,22,Imie 140,Nazwisko 140
141,40,58,Imie 141,Nazwisko 141
142,86,84,Imie 142,Nazwisko 142
143,7,14,Imie 143,Nazwisko 143
144,36,82,Imie 144,Nazwisko 144
145,83,35,Imie 145,Nazwisko 145
146,54,71,Imie 146,Nazwisko 146
147,12,48,Imie 147,Nazwisko 147
148,45,55,Imie 148,Nazwisko 148
149,82,84,Imie 149,Nazwisko 149
150,80,8,Imie 150,Nazwisko 150
151,25,43,Imie 151,Nazwisko 151
152,86,11,Imie 152,Nazwisko 152
153,54,83,Imie 153,Nazwisko 153
154,75,92,Imie 154,Nazwisko 154
155,60,64,Imie 155,Nazwisko 155
156,69,3,Imie 156,Nazwisko 156
157,64,67,Imie 157,Nazwisko 157
158,28,84,Imie 158,Nazwisko 158
159,78,95,Imie 159,Nazwisko 159
160,75,65,Imie 160,Nazwisko 160
161,53,90,Imie 161,Nazwisko 161
162,77,39,Imie 162,Nazwisko 162
163,41,79,Imie 163,Nazwisko 163
164,4,18,Imie 164,Nazwisko 164
165,46,35,Imie 165,Nazwisko 165
166,29,73,Imie 166,Nazwisko 166
167,32,49,Imie 167,Nazwisko 167
168,77,58,Imie 168,Nazwisko 168
169,1,37,Imie 169,Nazwisko 169
170,6,85,Imie 170,Nazwisko 170
171,43,57,Imie 171,Nazwisko 171
172,89,11,Imie 172,Nazwisko 172
173,39,19,Imie 173,Nazwisko 173
174,54,48,Imie 174,Nazwisko 174
175,8,1,Imie 175,Nazwisko 175
176,64,93,Imie 176,Nazwisko 176
177,48,98,Imie 177,Nazwisko 177
178,32,92,Imie 178,Nazwisko 178
179,27,76,Imie 179,Nazwisko 179
180,64,85,Imie 180,Nazwisko 180
181,18,58,Imie 181,Nazwisko 181
182,60,78,Imie 182,Nazwisko 182
183,51,20,Imie 183,Nazwisko 183
184,7,13,Imie 184,Nazwisko 184
185,62,45,Imie 185,Nazwisko 185
186,14,84,Imie 186,Nazwisko 186
187,95,68,Imie 187,Nazwisko 187
188,65,22,Imie 188,Nazwisko 188
189,68,90,Imie 189,Nazwisko 189
190,59,100,Imie 190,Nazwisko 190
191,22,51,Imie 191,Nazwisko 191
192,40,42,Imie 192,Nazwisko 192
193,27,3,Imie 193,Nazwisko 193
194,65,67,Imie 194,Nazwisko 194
195,44,3,Imie 195,Nazwisko 195
196,87,26,Imie 196,Nazwisko 196
197,36,56,Imie 197,Nazwisko 197
198,12,71,Imie 198,Nazwisko 198
199,98,63,Imie 199,Nazwisko 199
200,19,70,Imie 200,Nazwisko 200
201,79,62,Imie 201,Nazwisko 201
202,80,70,Imie 202,Nazwisko 202
203,69,66,Imie 203,Nazwisko 203
204,14,72,Imie 204,Nazwisko 204
205,61,17,Imie 205,Nazwisko 205
206,24,44,Imie 206,Nazwisko 206
207,64,2,Imie 207,Nazwisko 207
208,18,56,Imie 208,Nazwisko 208
209,20,46,Imie 209,Nazwisko 209
210,26,89,Imie 210,Nazwisko 210
211,22,1,Imie 211,Nazwisko 211
212,47,15,Imie 212,Nazwisko 212
213,9,30,Imie 213,Nazwisko 213
214,81,49,Imie 214,Nazwisko 214
215,45,23,Imie 215,Nazwisko 215
216,33,87,Imie 216,Nazwisko 216
217,32,73,Imie 217,Nazwisko 217
218,14,37,Imie 218,Nazwisko 218
219,5,94,Imie 219,Nazwisko 219
220,99,69,Imie 220,Nazwisko 220
221,28,28,Imie 221,Nazwisko 221
222,31,69,Imie 222,Nazwisko 222
223,98,53,Imie 223,Nazwisko 223
224,63,43,Imie 224,Nazwisko 224
225,25,55,Imie 225,Nazwisko 225
226,87,24,Imie 226,Nazwisko 226
227,74,50,Imie 227,Nazwisko 227
228,28,54,Imie 228,Nazwisko 228
229,16,67,Imie 229,Nazwisko 229
230,95,22,Imie 230,Nazwisko 230
231,48,20,Imie 231,Nazwisko 231
232,18,90,Imie 232,Nazwisko 232
233,7,17,Imie 233,Nazwisko 233
234,55,99,Imie 234,Nazwisko 234
235,27,37,Imie 235,Nazwisko 235
236,93,13,Imie 236,Nazwisko 236
237,82,38,Imie 237,Nazwisko 237
238,19,73,Imie 238,Nazwisko 238
239,75,45,Imie 239,Nazwisko 239
240,10,79,Imie 240,Nazwisko 240
241,11,45,Imie 241,Nazwisko 241
242,50,94,Imie 242,Nazwisko 242
243,3,37,Imie 243,Nazwisko 243
244,92,49,Imie 244,Nazwisko 244
245,7,12,Imie 245,Nazwisko 245
246,43,83,Imie 246,Nazwisko 246
247,86,13,Imie 247,Nazwisko 247
248,85,69,Imie 248,Nazwisko 248
249,91,60,Imie 249,Nazwisko 249
250,67,79,Imie 250,Nazwisko 250
251,79,19,Imie 251,Nazwisko 251
252,83,44,Imie 252,Nazwisko 252
253,7,56,Imie 253,Nazwisko 253
254,24,45,Imie 254,Nazwisko 254
255,33,58,Imie 255,Nazwisko 255
256,79,69,Imie 256,Nazwisko 256
257,50,97,Imie 257,Nazwisko 257
258,13,66,Imie 258,Nazwisko 258
259,63,23,Imie 259,Nazwisko 259
260,81,35,Imie 260,Nazwisko 260
261,32,69,Imie 261,Nazwisko 261
262,40,9,Imie 262,Nazwisko 262
263,20,3,Imie 263,Nazwisko 263
264,22,14,Imie 264,Nazwisko 264
265,7,55,Imie 265,Nazwisko 265
266,46,88,Imie 266,Nazwisko 266
267,92,71,Imie 267,Nazwisko 267
268,29,94,Imie 268,Nazwisko 268
269,91,77,Imie 269,Nazwisko 269
270,43,50,Imie 270,Nazwisko 270
271,94,79,Imie 271,Nazwisko 271
272,62,19,Imie 272,Nazwisko 272
273,18,75,Imie 273,Nazwisko 273
274,99,55,Imie 274,Nazwisko 274
275,28,44,Imie 275,Nazwisko 275
276,14,44,Imie 276,Nazwisko 276
277,48,65,Imie 277,Nazwisko 277
278,98,58,Imie 278,Nazwisko 278
279,70,65,Imie 279,Nazwisko 279
280,65,80,Imie 280,Nazwisko 280
281,80,48,Imie 281,Nazwisko 281
282,13,52,Imie 282,Nazwisko 282
283,52,66,Imie 283,Nazwisko 283
284,75,32,Imie 284,Nazwisko 284
285,90,94,Imie 285,Nazwisko 285
286,35,38,Imie 286,Nazwisko 286
287,3,4,Imie 287,Nazwisko 287
288,4,66,Imie 288,Nazwisko 288
289,90,2,Imie 289,Nazwisko 289
290,97,95,Imie 290,Nazwisko 290
291,59,43,Imie 291,Nazwisko 291
292,56,11,Imie 292,Nazwisko 292
293,11,16,Imie 293,Nazwisko 293
294,22,4,Imie 294,Nazwisko 294
295,4,80,Imie 295,Nazwisko 295
296,59,55,Imie 296,Nazwisko 296
297,42,7,Imie 297,Nazwisko 297
298,88,42,Imie 298,Nazwisko 298
299,61,15,Imie 299,Nazwisko 299
300,74,24,Imie 300,Nazwisko 300
301,27,50,Imie 301,Nazwisko 301
302,20,75,Imie 302,Nazwisko 302
303,88,34,Imie 303,Nazwisko 303
304,52,15,Imie 304,Nazwisko 304
305,84,94,Imie 305,Nazwisko 305
306,86,69,Imie 306,Nazwisko 306
307,4,100,Imie 307,Nazwisko 307
308,14,70,Imie 308,Nazwisko 308
309,85,32,Imie 309,Nazwisko 309
310,15,69,Imie 310,Nazwisko 310
311,14,72,Imie 311,Nazwisko 311
312,63,23,Imie 312,Nazwisko 312
313,57,27,Imie 313,Nazwisko 313
314,13,50,Imie 314,Nazwisko 314
315,44,7,Imie 315,Nazwisko 315
316,89,67,Imie 316,Nazwisko 316
317,35,18,Imie 317,Nazwisko 317
318,79,8,Imie 318,Nazwisko 318
319,32,13,Imie 319,Nazwisko 319
320,38,100,Imie 320,Nazwisko 320
321,50,24,Imie 321,Nazwisko 321
322,42,5,Imie 322,Nazwisko 322
323,63,44,Imie 323,Nazwisko 323
324,8,84,Imie 324,Nazwisko 324
325,98,42,Imie 325,Nazwisko 325
326,69,27,Imie 326,Nazwisko 326
327,72,36,Imie 327,Nazwisko 327
328,78,4,Imie 328,Nazwisko 328
329,96,25,Imie 329,Nazwisko 329
330,62,12,Imie 330,Nazwisko 330
331,76,69,Imie 331,Nazwisko 331
332,64,94,Imie 332,Nazwisko 332
333,46,90,Imie 333,Nazwisko 333
334,55,64,Imie 334,Nazwisko 334
335,73,24,Imie 335,Nazwisko 335
336,71,59,Imie 336,Nazwisko 336
337,41,52,Imie 337,Nazwisko 337
338,70,83,Imie 338,Nazwisko 338
339,56,35,Imie 339,Nazwisko 339
340,70,49,Imie 340,Nazwisko 340
341,17,73,Imie 341,Nazwisko 341
342,45,97,Imie 342,Nazwisko 342
343,77,76,Imie 343,Nazwisko 343
344,51,82,Imie 344,Nazwisko 344
345,65,9,Imie 345,Nazwisko 345
346,70,16,Imie 346,Nazwisko 346
347,91,2,Imie 347,Nazwisko 347
348,52,99,Imie 348,Nazwisko 348
349,96,17,Imie 349,Nazwisko 349
350,52,25,Imie 350,Nazwisko 350
351,65,24,Imie 351,Nazwisko 351
352,34,54,Imie 352,Nazwisko 352
353,48,33,Imie 353,Nazwisko 353
354,68,99,Imie 354,Nazwisko 354
355,22,48,Imie 355,Nazwisko 355
356,77,97,Imie 356,Nazwisko 356
357,15,35,Imie 357,Nazwisko 357
358,58,82,Imie 358,Nazwisko 358
359,78,5,Imie 359,Nazwisko 359
360,74,73,Imie 360,Nazwisko 360
361,70,10,Imie 361,Nazwisko 361
362,2,98,Imie 362,Nazwisko 362
363,35,82,Imie 363,Nazwisko 363
364,52,80,Imie 364,Nazwisko 364
365,89,7,Imie 365,Nazwisko 365
366,71,18,Imie 366,Nazwisko 366
367,17,13,Imie 367,Nazwisko 367
368,27,23,Imie 368,Nazwisko 368
369,33,44,Imie 369,Nazwisko 369
370,99,29,Imie 370,Nazwisko 370
371,23,60,Imie 371,Nazwisko 371
372,48,21,Imie 372,Nazwisko 372
373,32,32,Imie 373,Nazwisko 373
374,56,36,Imie 374,Nazwisko 374
375,75,39,Imie 375,Nazwisko 375
376,15,93,Imie 376,Nazwisko 376
377,60,16,Imie 377,Nazwisko 377
378,12,42,Imie 378,Nazwisko 378
379,45,92,Imie 379,Nazwisko 379
380,40,64,Imie 380,Nazwisko 380
381,68,30,Imie 381,Nazwisko 381
382,2,51,Imie 382,Nazwisko 382
383,93,26,Imie 383,Nazwisko 383
384,91,92,Imie 384,Nazwisko 384
385,90,52,Imie 385,Nazwisko 385
386,48,33,Imie 386,Nazwisko 386
387,69,90,Imie 387,Nazwisko 387
388,20,47,Imie 388,Nazwisko 388
389,44,61,Imie 389,Nazwisko 389
390,79,58,Imie 390,Nazwisko 390
391,60,5,Imie 391,Nazwisko 391
392,59,90,Imie 392,Nazwisko 392
393,46,8,Imie 393,Nazwisko 393
394,23,52,Imie 394,Nazwisko 394
395,13,21,Imie 395,Nazwisko 395
396,5,43,Imie 396,Nazwisko 396
397,10,71,Imie 397,Nazwisko 397
398,72,84,Imie 398,Nazwisko 398
399,40,79,Imie 399,Nazwisko 399
400,13,31,Imie 400,Nazwisko 400
401,89,50,Imie 401,Nazwisko 401
402,33,87,Imie 402,Nazwisko 402
403,28,35,Imie 403,Nazwisko 403
404,32,4,Imie 404,Nazwisko 404
405,99,6,Imie 405,Nazwisko 405
406,100,32,Imie 406,Nazwisko 406
407,72,68,Imie 407,Nazwisko 407
408,29,45,Imie 408,Nazwisko 408
409,50,58,Imie 409,Nazwisko 409
410,80,8,Imie 410,Nazwisko 410
411,47,32,Imie 411,Nazwisko 411
412,82,76,Imie 412,Nazwisko 412
413,31,81,Imie 413,Nazwisko 413
414,26,25,Imie 414,Nazwisko 414
415,60,57,Imie 415,Nazwisko 415
416,25,31,Imie 416,Nazwisko 416
417,32,18,Imie 417,Nazwisko 417
418,33,48,Imie 418,Nazwisko 418
419,86,27,Imie 419,Nazwisko 419
420,76,48,Imie 420,Nazwisko 420
421,44,74,Imie 421,Nazwisko 421
422,46,90,Imie 422,Nazwisko 422
423,41,3,Imie 423,Nazwisko 423
424,29,68,Imie 424,Nazwisko 424
425,26,57,Imie 425,Nazwisko 425
426,93,10,Imie 426,Nazwisko 426
427,75,66,Imie 427,Nazwisko 427
428,79,57,Imie 428,Nazwisko 428
429,83,62,Imie 429,Nazwisko 429
430,14,98,Imie 430,Nazwisko 430
431,7,56,Imie 431,Nazwisko 431
432,72,24,Imie 432,Nazwisko 432
433,55,31,Imie 433,Nazwisko 433
434,52,22,Imie 434,Nazwisko 434
435,14,73,Imie 435,Nazwisko 435
436,52,72,Imie 436,Nazwisko 436
437,1,33,Imie 437,Nazwisko 437
438,78,80,Imie 438,Nazwisko 438
439,13,91,Imie 439,Nazwisko 439
440,44,72,Imie 440,Nazwisko 440
441,64,26,Imie 441,Nazwisko 441
442,97,39,Imie 442,Nazwisko 442
443,12,98,Imie 443,Nazwisko 443
444,20,73,Imie 444,Nazwisko 444
445,86,42,Imie 445,Nazwisko 445
446,39,7,Imie 446,Nazwisko 446
447,58,7,Imie 447,Nazwisko 447
448,72,2,Imie 448,Nazwisko 448
449,40,17,Imie 449,Nazwisko 449
450,59,98,Imie 450,Nazwisko 450
451,39,57,Imie 451,Nazwisko 451
452,37,30,Imie 452,Nazwisko 452
453,92,9,Imie 453,Nazwisko 453
454,83,99,Imie 454,Nazwisko 454
455,25,20,Imie 455,Nazwisko 455
456,33,66,Imie 456,Nazwisko 456
457,58,73,Imie 457,Nazwisko 457
458,24,57,Imie 458,Nazwisko 458
459,95,17,Imie 459,Nazwisko 459
460,74,80,Imie 460,Nazwisko 460
461,31,42,Imie 461,Nazwisko 461
462,37,40,Imie 462,Nazwisko 462
463,5,55,Imie 463,Nazwisko 463
464,60,25,Imie 464,Nazwisko 464
465,30,33,Imie 465,Nazwisko 465
466,17,81,Imie 466,Nazwisko 466
467,38,37,Imie 467,Nazwisko 467
468,22,12,Imie 468,Nazwisko 468
469,42,47,Imie 469,Nazwisko 469
470,41,93,Imie 470,Nazwisko 470
471,29,17,Imie 471,Nazwisko 471
472,1,60,Imie 472,Nazwisko 472
473,73,97,Imie 473,Nazwisko 473
474,3,46,Imie 474,Nazwisko 474
475,44,14,Imie 475,Nazwisko 475
476,84,2,Imie 476,Nazwisko 476
477,80,38,Imie 477,Nazwisko 477
478,37,69,Imie 478,Nazwisko 478
479,96,47,Imie 479,Nazwisko 479
480,81,53,Imie 480,Nazwisko 480
481,72,23,Imie 481,Nazwisko 481
482,82,57,Imie 482,Nazwisko 482
483,43,38,Imie 483,Nazwisko 483
484,75,4,Imie 484,Nazwisko 484
485,14,86,Imie 485,Nazwisko 485
486,32,55,Imie 486,Nazwisko 486
487,100,55,Imie 487,Nazwisko 487
488,98,96,Imie 488,Nazwisko 488
489,8,54,Imie 489,Nazwisko 489
490,21,96,Imie 490,Nazwisko 490
491,3,58,Imie 491,Nazwisko 491
492,43,91,Imie 492,Nazwisko 492
493,27,29,Imie 493,Nazwisko 493
494,30,47,Imie 494,Nazwisko 494
495,98,40,Imie 495,Nazwisko 495
496,89,42,Imie 496,Nazwisko 496
497,87,54,Imie 497,Nazwisko 497
498,7,96,Imie 498,Nazwisko 498
499,6,35,Imie 499,Nazwisko 499
500,9,96,Imie 500,Nazwisko 500
