1,431,Paragon,Karta,2020-06-14
2,390,Faktura,Gotówka,2022-03-22
3,976,Paragon,Gotówka,2020-10-09
4,425,Faktura,Karta,2020-02-21
5,46,Paragon,Przelew,2020-10-21
6,986,Faktura,Gotówka,2018-01-07
7,15,Rachunek,Gotówka,2023-01-24
8,644,Rachunek,Gotówka,2022-01-02
9,471,Paragon,Przelew,2018-01-21
10,367,Paragon,Przelew,2022-10-04
11,531,Paragon,Gotówka,2022-08-13
12,859,Paragon,Przelew,2019-09-02
13,923,Rachunek,Gotówka,2022-08-05
14,964,Rachunek,Gotówka,2021-03-09
15,498,Paragon,Przelew,2022-03-05
16,704,Faktura,Karta,2020-09-15
17,16,Rachunek,Karta,2023-09-23
18,333,Rachunek,Przelew,2018-01-25
19,682,Paragon,Przelew,2020-04-20
20,982,Paragon,Karta,2021-04-26
21,920,Paragon,Karta,2020-05-15
22,272,Paragon,Przelew,2023-12-21
23,463,Faktura,Karta,2019-10-09
24,152,Paragon,Przelew,2019-11-04
25,777,Paragon,Przelew,2019-08-07
26,592,Paragon,Karta,2021-05-10
27,530,Faktura,Przelew,2021-03-31
28,522,Rachunek,Gotówka,2019-04-30
29,661,Paragon,Gotówka,2020-02-13
30,660,Rachunek,Karta,2019-02-08
31,815,Paragon,Karta,2019-11-11
32,461,Paragon,Karta,2020-07-12
33,418,Rachunek,Karta,2023-10-01
34,127,Rachunek,Gotówka,2021-06-03
35,452,Rachunek,Przelew,2023-05-13
36,94,Rachunek,Karta,2019-04-05
37,977,Rachunek,Przelew,2019-05-10
38,127,Faktura,Przelew,2021-04-12
39,375,Faktura,Przelew,2022-11-14
40,629,Faktura,Przelew,2019-11-28
41,993,Rachunek,Przelew,2021-06-02
42,272,Faktura,Przelew,2020-08-27
43,462,Rachunek,Przelew,2022-07-27
44,943,Paragon,Gotówka,2020-05-22
45,507,Paragon,Gotówka,2023-05-19
46,897,Rachunek,Przelew,2020-02-14
47,94,Paragon,Przelew,2018-06-04
48,247,Rachunek,Przelew,2021-02-20
49,549,Paragon,Przelew,2021-02-13
50,620,Faktura,Gotówka,2023-04-27
51,423,Faktura,Przelew,2019-12-01
52,247,Paragon,Przelew,2020-12-08
53,833,Paragon,Przelew,2020-09-04
54,480,Faktura,Przelew,2021-07-29
55,189,Faktura,Gotówka,2022-11-23
56,241,Paragon,Gotówka,2020-07-17
57,870,Rachunek,Przelew,2018-06-22
58,152,Paragon,Przelew,2018-03-10
59,647,Paragon,Karta,2021-09-14
60,315,Faktura,Karta,2019-09-27
61,460,Rachunek,Gotówka,2019-04-15
62,115,Rachunek,Gotówka,2018-05-04
63,809,Paragon,Przelew,2020-09-21
64,12,Paragon,Gotówka,2023-05-25
65,538,Paragon,Karta,2020-04-19
66,452,Rachunek,Karta,2021-10-26
67,331,Faktura,Karta,2018-07-02
68,34,Faktura,Przelew,2019-07-18
69,713,Rachunek,Przelew,2019-10-16
70,977,Rachunek,Karta,2020-03-07
71,177,Rachunek,Gotówka,2018-03-29
72,566,Paragon,Przelew,2018-04-05
73,913,Rachunek,Przelew,2018-09-06
74,766,Paragon,Karta,2020-10-19
75,468,Rachunek,Karta,2019-12-14
76,700,Rachunek,Przelew,2018-12-26
77,577,Faktura,Karta,2018-08-14
78,242,Faktura,Karta,2022-01-28
79,30,Paragon,Karta,2023-08-10
80,190,Rachunek,Gotówka,2021-10-15
81,728,Rachunek,Karta,2022-01-05
82,287,Faktura,Przelew,2021-12-02
83,975,Rachunek,Gotówka,2019-08-08
84,991,Paragon,Przelew,2021-09-18
85,897,Paragon,Przelew,2018-11-18
86,828,Faktura,Karta,2018-02-18
87,212,Rachunek,Przelew,2022-10-29
88,818,Rachunek,Gotówka,2021-10-25
89,305,Faktura,Karta,2023-10-10
90,676,Faktura,Przelew,2021-12-02
91,909,Faktura,Gotówka,2022-09-19
92,571,Faktura,Gotówka,2018-07-30
93,289,Faktura,Karta,2022-05-15
94,230,Rachunek,Przelew,2019-08-27
95,429,Faktura,Gotówka,2019-10-16
96,11,Rachunek,Gotówka,2020-04-02
97,913,Rachunek,Gotówka,2023-09-01
98,813,Faktura,Gotówka,2021-10-07
99,524,Paragon,Gotówka,2023-02-15
100,759,Paragon,Gotówka,2022-06-16
101,808,Paragon,Gotówka,2022-01-10
102,495,Faktura,Karta,2018-11-25
103,766,Rachunek,Karta,2018-01-25
104,319,Faktura,Gotówka,2019-02-09
105,215,Rachunek,Karta,2019-09-16
106,160,Paragon,Przelew,2023-07-12
107,787,Rachunek,Gotówka,2019-07-30
108,505,Paragon,Karta,2020-04-17
109,549,Rachunek,Gotówka,2022-06-12
110,823,Paragon,Karta,2023-05-15
111,975,Paragon,Gotówka,2022-11-27
112,189,Paragon,Gotówka,2019-03-29
113,866,Faktura,Gotówka,2020-11-02
114,974,Paragon,Gotówka,2021-08-03
115,209,Paragon,Gotówka,2021-03-26
116,688,Paragon,Karta,2021-10-18
117,855,Faktura,Karta,2021-03-08
118,236,Rachunek,Przelew,2020-10-02
119,838,Faktura,Karta,2019-07-22
120,868,Paragon,Gotówka,2020-02-14
121,258,Rachunek,Przelew,2022-12-25
122,364,Paragon,Karta,2018-03-24
123,518,Faktura,Karta,2018-07-21
124,556,Paragon,Przelew,2020-09-22
125,221,Faktura,Karta,2019-12-13
126,21,Rachunek,Gotówka,2023-12-19
127,539,Rachunek,Karta,2023-08-08
128,307,Paragon,Gotówka,2020-11-12
129,814,Faktura,Karta,2023-11-20
130,274,Rachunek,Przelew,2018-10-05
131,95,Faktura,Gotówka,2022-09-14
132,700,Faktura,Gotówka,2021-01-28
133,430,Paragon,Gotówka,2019-02-16
134,562,Faktura,Gotówka,2021-10-29
135,333,Paragon,Gotówka,2023-09-02
136,601,Paragon,Gotówka,2022-08-01
137,499,Faktura,Gotówka,2021-01-30
138,383,Faktura,Karta,2021-10-23
139,581,Rachunek,Przelew,2023-05-28
140,118,Rachunek,Przelew,2019-08-16
141,688,Rachunek,Gotówka,2022-02-22
142,848,Rachunek,Karta,2020-01-16
143,754,Rachunek,Przelew,2018-05-18
144,588,Paragon,Gotówka,2021-08-17
145,426,Faktura,Przelew,2018-02-25
146,705,Paragon,Przelew,2020-08-02
147,78,Rachunek,Gotówka,2019-04-23
148,425,Rachunek,Karta,2019-03-16
149,604,Paragon,Gotówka,2023-06-01
150,776,Rachunek,Karta,2020-05-11
151,450,Paragon,Karta,2023-11-13
152,61,Rachunek,Przelew,2019-07-18
153,754,Faktura,Karta,2019-04-12
154,104,Faktura,Przelew,2019-05-07
155,288,Paragon,Przelew,2021-12-06
156,989,Paragon,Karta,2022-03-29
157,247,Rachunek,Karta,2023-05-27
158,121,Faktura,Przelew,2018-08-26
159,388,Rachunek,Karta,2021-10-28
160,898,Faktura,Przelew,2021-06-15
161,129,Paragon,Gotówka,2023-04-10
162,52,Faktura,Karta,2018-10-31
163,421,Paragon,Przelew,2019-01-08
164,369,Paragon,Gotówka,2021-04-10
165,665,Paragon,Karta,2021-06-07
166,440,Faktura,Gotówka,2023-10-23
167,990,Faktura,Gotówka,2019-12-12
168,970,Paragon,Przelew,2021-02-22
169,518,Paragon,Przelew,2018-06-03
170,441,Faktura,Gotówka,2023-08-17
171,321,Faktura,Gotówka,2018-09-04
172,147,Faktura,Karta,2023-01-28
173,177,Paragon,Karta,2022-08-07
174,678,Rachunek,Przelew,2019-01-23
175,272,Paragon,Przelew,2023-05-17
176,276,Faktura,Gotówka,2023-02-07
177,489,Rachunek,Gotówka,2023-04-14
178,121,Faktura,Gotówka,2019-01-17
179,684,Faktura,Gotówka,2023-07-18
180,675,Faktura,Gotówka,2023-08-05
181,118,Paragon,Przelew,2022-11-10
182,137,Paragon,Karta,2019-09-25
183,817,Paragon,Gotówka,2023-09-26
184,151,Faktura,Gotówka,2022-11-25
185,504,Paragon,Przelew,2018-03-24
186,97,Paragon,Karta,2023-11-18
187,422,Faktura,Karta,2018-07-12
188,439,Paragon,Przelew,2023-09-04
189,207,Faktura,Gotówka,2022-08-25
190,848,Faktura,Przelew,2018-04-20
191,839,Faktura,Karta,2023-05-27
192,634,Faktura,Karta,2020-06-18
193,362,Faktura,Gotówka,2021-11-10
194,209,Rachunek,Przelew,2018-03-20
195,796,Rachunek,Przelew,2020-03-18
196,431,Faktura,Karta,2022-07-24
197,683,Rachunek,Karta,2018-04-04
198,475,Faktura,Przelew,2019-03-26
199,162,Faktura,Karta,2020-01-24
200,372,Rachunek,Karta,2022-01-07
201,871,Faktura,Gotówka,2022-10-25
202,32,Rachunek,Gotówka,2019-11-12
203,399,Faktura,Karta,2021-11-29
204,353,Paragon,Gotówka,2019-09-10
205,512,Faktura,Karta,2018-09-07
206,752,Rachunek,Przelew,2020-01-15
207,352,Rachunek,Karta,2019-08-16
208,60,Faktura,Gotówka,2020-03-13
209,749,Paragon,Karta,2022-09-19
210,709,Paragon,Przelew,2023-06-21
211,517,Rachunek,Gotówka,2020-01-08
212,60,Rachunek,Przelew,2021-02-24
213,527,Faktura,Karta,2019-02-02
214,854,Faktura,Gotówka,2023-06-12
215,89,Faktura,Gotówka,2020-05-10
216,41,Faktura,Gotówka,2023-08-06
217,764,Faktura,Gotówka,2022-11-07
218,462,Paragon,Gotówka,2021-10-19
219,965,Faktura,Przelew,2018-05-25
220,321,Paragon,Przelew,2019-04-03
221,789,Rachunek,Karta,2023-02-24
222,300,Paragon,Przelew,2022-08-17
223,140,Rachunek,Gotówka,2023-06-03
224,515,Faktura,Gotówka,2019-02-11
225,402,Paragon,Karta,2021-05-19
226,195,Paragon,Przelew,2022-12-13
227,902,Faktura,Przelew,2019-12-23
228,164,Paragon,Przelew,2022-07-23
229,803,Paragon,Gotówka,2018-08-09
230,930,Paragon,Karta,2018-03-15
231,959,Paragon,Przelew,2021-08-24
232,671,Paragon,Karta,2018-12-27
233,774,Paragon,Gotówka,2018-12-19
234,163,Paragon,Karta,2023-10-08
235,592,Rachunek,Karta,2020-08-08
236,878,Rachunek,Przelew,2020-06-30
237,878,Rachunek,Karta,2022-11-15
238,430,Paragon,Gotówka,2020-09-18
239,898,Faktura,Karta,2018-09-20
240,365,Rachunek,Przelew,2023-01-02
241,520,Faktura,Gotówka,2019-11-11
242,109,Paragon,Przelew,2023-11-02
243,144,Faktura,Przelew,2022-01-09
244,518,Rachunek,Gotówka,2020-12-04
245,342,Paragon,Gotówka,2019-03-20
246,615,Paragon,Gotówka,2023-02-16
247,36,Faktura,Przelew,2022-07-20
248,484,Paragon,Karta,2020-01-09
249,478,Rachunek,Przelew,2022-02-12
250,936,Faktura,Przelew,2019-05-20
251,887,Rachunek,Przelew,2023-04-20
252,970,Faktura,Przelew,2018-07-09
253,370,Rachunek,Przelew,2020-06-28
254,797,Rachunek,Gotówka,2022-01-19
255,387,Paragon,Przelew,2018-02-02
256,387,Rachunek,Gotówka,2018-02-02
257,288,Paragon,Gotówka,2022-08-15
258,842,Rachunek,Przelew,2018-09-05
259,266,Paragon,Przelew,2021-03-13
260,234,Rachunek,Karta,2020-07-09
261,961,Faktura,Przelew,2018-10-15
262,149,Rachunek,Gotówka,2020-08-09
263,343,Faktura,Przelew,2019-01-16
264,809,Paragon,Gotówka,2018-11-15
265,364,Rachunek,Karta,2023-12-16
266,299,Paragon,Przelew,2019-09-18
267,522,Faktura,Przelew,2021-06-16
268,716,Rachunek,Gotówka,2018-07-13
269,306,Paragon,Karta,2018-04-09
270,153,Paragon,Gotówka,2018-02-08
271,735,Rachunek,Gotówka,2023-12-20
272,997,Paragon,Przelew,2020-07-22
273,33,Rachunek,Gotówka,2020-04-09
274,346,Paragon,Gotówka,2023-04-25
275,589,Rachunek,Przelew,2018-11-23
276,904,Faktura,Przelew,2020-06-16
277,923,Faktura,Gotówka,2020-10-31
278,493,Paragon,Karta,2020-03-03
279,809,Rachunek,Przelew,2020-11-06
280,382,Rachunek,Gotówka,2020-02-08
281,671,Rachunek,Gotówka,2020-12-19
282,101,Faktura,Przelew,2021-01-09
283,2,Paragon,Gotówka,2023-10-15
284,573,Paragon,Przelew,2021-02-18
285,405,Paragon,Gotówka,2021-08-19
286,969,Paragon,Przelew,2018-05-13
287,597,Rachunek,Gotówka,2018-12-21
288,252,Rachunek,Gotówka,2023-10-12
289,372,Faktura,Karta,2023-02-24
290,828,Paragon,Gotówka,2022-06-10
291,801,Faktura,Gotówka,2020-01-30
292,688,Rachunek,Gotówka,2019-03-31
293,477,Rachunek,Przelew,2020-11-26
294,165,Faktura,Przelew,2019-08-16
295,890,Rachunek,Karta,2022-05-17
296,348,Paragon,Gotówka,2020-06-13
297,855,Paragon,Przelew,2021-03-02
298,446,Rachunek,Karta,2021-12-12
299,431,Rachunek,Przelew,2021-11-16
300,475,Faktura,Przelew,2021-12-27
301,908,Paragon,Przelew,2020-07-14
302,279,Rachunek,Przelew,2018-03-13
303,534,Faktura,Karta,2023-09-21
304,614,Paragon,Przelew,2021-09-07
305,600,Paragon,Karta,2020-11-16
306,290,Paragon,Przelew,2019-09-17
307,421,Rachunek,Przelew,2021-04-02
308,691,Faktura,Gotówka,2020-04-22
309,783,Rachunek,Gotówka,2020-08-15
310,407,Rachunek,Karta,2020-08-18
311,177,Faktura,Gotówka,2022-02-22
312,257,Rachunek,Gotówka,2019-07-18
313,286,Faktura,Karta,2022-07-16
314,695,Paragon,Karta,2020-08-27
315,745,Faktura,Przelew,2023-10-16
316,695,Paragon,Gotówka,2021-02-12
317,734,Paragon,Przelew,2023-05-01
318,602,Faktura,Gotówka,2020-03-31
319,633,Rachunek,Gotówka,2018-09-11
320,957,Paragon,Przelew,2020-10-15
321,694,Rachunek,Gotówka,2021-06-27
322,755,Rachunek,Karta,2022-08-22
323,33,Faktura,Przelew,2022-12-02
324,655,Rachunek,Przelew,2019-12-23
325,752,Faktura,Karta,2020-06-01
326,553,Rachunek,Gotówka,2018-10-24
327,558,Paragon,Przelew,2022-11-29
328,767,Faktura,Karta,2020-06-14
329,849,Rachunek,Gotówka,2023-03-28
330,766,Faktura,Przelew,2019-12-05
331,711,Paragon,Gotówka,2020-10-21
332,681,Faktura,Karta,2021-03-03
333,20,Paragon,Przelew,2022-01-06
334,18,Rachunek,Przelew,2018-12-10
335,583,Faktura,Gotówka,2018-08-16
336,23,Faktura,Karta,2023-04-04
337,918,Faktura,Gotówka,2023-08-21
338,967,Rachunek,Przelew,2020-07-13
339,359,Rachunek,Karta,2023-07-09
340,733,Paragon,Przelew,2023-11-30
341,281,Paragon,Gotówka,2022-12-03
342,661,Rachunek,Karta,2019-01-28
343,522,Paragon,Gotówka,2018-07-17
344,244,Rachunek,Gotówka,2021-05-14
345,115,Faktura,Przelew,2023-01-11
346,837,Faktura,Gotówka,2019-12-04
347,697,Rachunek,Karta,2020-08-09
348,522,Rachunek,Karta,2022-09-18
349,581,Paragon,Przelew,2021-06-18
350,95,Paragon,Przelew,2020-08-28
351,207,Paragon,Gotówka,2019-11-03
352,502,Faktura,Gotówka,2019-11-04
353,143,Paragon,Karta,2023-12-18
354,534,Rachunek,Karta,2018-10-23
355,644,Paragon,Karta,2020-02-01
356,950,Paragon,Gotówka,2018-01-05
357,641,Paragon,Przelew,2022-11-05
358,345,Paragon,Przelew,2021-03-08
359,925,Rachunek,Przelew,2022-11-06
360,394,Faktura,Karta,2021-05-31
361,98,Paragon,Gotówka,2021-02-25
362,570,Rachunek,Karta,2020-12-29
363,368,Paragon,Gotówka,2023-08-27
364,712,Faktura,Gotówka,2023-12-27
365,755,Faktura,Przelew,2021-09-12
366,193,Faktura,Przelew,2018-02-23
367,90,Paragon,Przelew,2020-02-09
368,416,Faktura,Karta,2023-11-10
369,66,Paragon,Karta,2018-04-25
370,248,Rachunek,Przelew,2023-01-31
371,275,Rachunek,Gotówka,2018-12-28
372,736,Faktura,Karta,2019-06-01
373,161,Paragon,Karta,2019-02-07
374,711,Paragon,Gotówka,2023-03-16
375,150,Faktura,Gotówka,2020-07-16
376,864,Faktura,Gotówka,2021-11-12
377,566,Faktura,Karta,2021-09-27
378,727,Faktura,Przelew,2018-08-08
379,524,Rachunek,Gotówka,2022-01-01
380,621,Faktura,Przelew,2020-01-17
381,19,Rachunek,Przelew,2022-07-14
382,696,Faktura,Karta,2020-06-06
383,952,Paragon,Gotówka,2021-12-10
384,735,Faktura,Gotówka,2019-04-16
385,990,Rachunek,Gotówka,2022-09-08
386,998,Paragon,Karta,2023-08-05
387,930,Paragon,Karta,2021-10-18
388,701,Paragon,Gotówka,2021-02-08
389,312,Rachunek,Przelew,2020-03-01
390,653,Faktura,Karta,2019-05-20
391,718,Paragon,Przelew,2023-02-14
392,174,Paragon,Gotówka,2021-05-25
393,200,Paragon,Gotówka,2019-11-21
394,787,Faktura,Karta,2018-12-04
395,28,Paragon,Karta,2020-07-15
396,559,Paragon,Gotówka,2022-02-06
397,143,Paragon,Gotówka,2022-11-08
398,781,Faktura,Karta,2020-07-01
399,344,Rachunek,Gotówka,2020-06-21
400,66,Faktura,Gotówka,2021-02-10
401,740,Rachunek,Gotówka,2021-01-16
402,158,Rachunek,Przelew,2018-11-13
403,889,Faktura,Gotówka,2021-11-28
404,323,Faktura,Karta,2020-09-08
405,551,Paragon,Gotówka,2021-11-23
406,325,Faktura,Karta,2021-09-08
407,676,Faktura,Gotówka,2022-08-30
408,251,Rachunek,Karta,2022-01-14
409,432,Paragon,Przelew,2021-11-08
410,254,Rachunek,Gotówka,2019-08-31
411,576,Faktura,Przelew,2018-12-08
412,176,Faktura,Gotówka,2020-06-07
413,807,Paragon,Karta,2018-10-01
414,110,Faktura,Karta,2021-07-13
415,114,Paragon,Gotówka,2022-11-30
416,657,Faktura,Przelew,2022-09-11
417,587,Faktura,Przelew,2021-04-25
418,361,Paragon,Gotówka,2021-07-14
419,265,Faktura,Gotówka,2023-05-29
420,724,Faktura,Przelew,2021-11-15
421,318,Faktura,Karta,2020-12-17
422,206,Paragon,Karta,2021-03-05
423,745,Paragon,Karta,2019-02-09
424,433,Faktura,Przelew,2021-10-10
425,141,Faktura,Przelew,2020-02-01
426,424,Faktura,Przelew,2022-01-24
427,466,Faktura,Przelew,2023-09-14
428,598,Faktura,Karta,2020-04-03
429,370,Paragon,Gotówka,2023-11-20
430,372,Rachunek,Przelew,2020-09-29
431,15,Faktura,Gotówka,2023-12-29
432,164,Faktura,Gotówka,2021-01-02
433,20,Paragon,Gotówka,2020-05-30
434,568,Rachunek,Gotówka,2023-02-10
435,538,Faktura,Przelew,2019-04-25
436,431,Faktura,Karta,2018-12-10
437,964,Paragon,Karta,2019-02-02
438,960,Faktura,Karta,2018-07-19
439,404,Rachunek,Przelew,2020-04-22
440,695,Rachunek,Gotówka,2020-03-09
441,656,Faktura,Gotówka,2022-12-08
442,616,Paragon,Karta,2019-05-19
443,56,Paragon,Gotówka,2022-09-06
444,523,Paragon,Karta,2019-07-01
445,481,Rachunek,Karta,2019-12-15
446,816,Paragon,Przelew,2019-02-19
447,559,Faktura,Karta,2019-04-15
448,883,Rachunek,Karta,2019-07-27
449,742,Rachunek,Przelew,2020-01-16
450,689,Paragon,Przelew,2020-09-14
451,715,Paragon,Przelew,2021-09-29
452,147,Paragon,Gotówka,2020-05-29
453,593,Faktura,Gotówka,2019-04-19
454,115,Paragon,Gotówka,2021-05-12
455,502,Faktura,Karta,2022-05-22
456,653,Faktura,Karta,2018-06-08
457,520,Paragon,Gotówka,2023-12-24
458,408,Paragon,Karta,2023-01-10
459,538,Rachunek,Przelew,2020-01-01
460,590,Rachunek,Karta,2020-07-06
461,700,Paragon,Karta,2022-09-23
462,176,Faktura,Karta,2021-08-26
463,161,Faktura,Karta,2019-04-22
464,750,Faktura,Karta,2022-10-01
465,139,Paragon,Przelew,2021-03-22
466,734,Faktura,Gotówka,2019-05-24
467,708,Rachunek,Karta,2022-12-21
468,682,Faktura,Gotówka,2022-12-17
469,759,Faktura,Karta,2019-11-05
470,687,Rachunek,Gotówka,2022-01-17
471,951,Rachunek,Gotówka,2021-10-01
472,331,Paragon,Gotówka,2018-03-02
473,262,Faktura,Przelew,2020-11-03
474,935,Paragon,Gotówka,2023-02-27
475,241,Paragon,Gotówka,2020-08-14
476,311,Paragon,Gotówka,2021-07-24
477,802,Rachunek,Przelew,2021-11-09
478,982,Faktura,Karta,2023-12-11
479,534,Faktura,Przelew,2020-12-26
480,877,Faktura,Gotówka,2020-08-22
481,808,Faktura,Gotówka,2019-12-09
482,429,Rachunek,Przelew,2023-04-16
483,191,Rachunek,Przelew,2020-04-24
484,19,Paragon,Gotówka,2023-02-04
485,227,Paragon,Gotówka,2019-02-09
486,412,Faktura,Przelew,2021-11-18
487,30,Faktura,Przelew,2019-06-11
488,394,Faktura,Przelew,2018-07-31
489,89,Paragon,Przelew,2021-04-13
490,54,Rachunek,Gotówka,2021-02-25
491,21,Rachunek,Przelew,2023-04-06
492,910,Rachunek,Karta,2018-06-22
493,779,Paragon,Karta,2022-02-14
494,17,Paragon,Karta,2019-02-14
495,222,Faktura,Gotówka,2019-11-07
496,248,Rachunek,Gotówka,2021-05-03
497,871,Faktura,Karta,2018-08-25
498,64,Rachunek,Karta,2018-12-13
499,737,Faktura,Gotówka,2022-10-29
500,782,Paragon,Przelew,2019-12-21
501,448,Paragon,Gotówka,2019-02-11
502,890,Rachunek,Przelew,2020-12-14
503,852,Rachunek,Gotówka,2023-02-23
504,912,Rachunek,Karta,2022-09-01
505,426,Paragon,Gotówka,2021-08-16
506,179,Rachunek,Karta,2018-11-30
507,101,Faktura,Karta,2023-01-05
508,411,Faktura,Przelew,2018-08-28
509,840,Rachunek,Przelew,2019-01-14
510,624,Rachunek,Gotówka,2020-06-22
511,136,Paragon,Gotówka,2020-02-13
512,24,Faktura,Karta,2021-10-05
513,824,Faktura,Gotówka,2021-10-13
514,413,Paragon,Przelew,2019-11-15
515,221,Faktura,Przelew,2022-05-07
516,3,Rachunek,Przelew,2018-08-02
517,620,Rachunek,Przelew,2019-10-09
518,209,Rachunek,Przelew,2022-06-12
519,824,Paragon,Karta,2019-02-08
520,366,Paragon,Gotówka,2023-12-13
521,681,Faktura,Karta,2021-10-27
522,751,Rachunek,Karta,2018-03-21
523,769,Faktura,Gotówka,2020-09-10
524,550,Paragon,Karta,2020-05-06
525,409,Paragon,Przelew,2018-01-01
526,637,Paragon,Gotówka,2022-09-04
527,484,Faktura,Przelew,2019-12-04
528,467,Rachunek,Gotówka,2018-01-25
529,450,Paragon,Karta,2019-11-29
530,46,Rachunek,Gotówka,2021-11-10
531,113,Rachunek,Karta,2018-02-21
532,586,Paragon,Przelew,2023-05-01
533,391,Paragon,Gotówka,2020-07-21
534,178,Paragon,Przelew,2021-10-06
535,259,Faktura,Przelew,2019-01-05
536,341,Faktura,Gotówka,2020-12-18
537,941,Paragon,Gotówka,2020-11-22
538,698,Rachunek,Gotówka,2023-12-21
539,450,Faktura,Gotówka,2018-05-28
540,703,Paragon,Karta,2019-01-09
541,821,Rachunek,Karta,2020-09-17
542,911,Paragon,Karta,2022-09-05
543,611,Faktura,Gotówka,2022-02-06
544,554,Rachunek,Karta,2018-05-27
545,678,Rachunek,Gotówka,2023-10-25
546,554,Paragon,Przelew,2018-03-24
547,717,Paragon,Przelew,2021-09-17
548,379,Faktura,Przelew,2021-11-08
549,858,Rachunek,Karta,2022-09-22
550,467,Rachunek,Gotówka,2023-10-01
551,460,Paragon,Karta,2020-07-30
552,131,Paragon,Przelew,2018-01-25
553,46,Paragon,Karta,2022-06-22
554,45,Faktura,Przelew,2018-01-31
555,328,Faktura,Przelew,2018-03-08
556,654,Rachunek,Karta,2020-04-27
557,701,Rachunek,Karta,2018-06-06
558,862,Faktura,Gotówka,2023-12-20
559,389,Faktura,Gotówka,2021-11-20
560,830,Rachunek,Karta,2023-05-03
561,188,Faktura,Gotówka,2023-12-04
562,321,Paragon,Gotówka,2019-02-05
563,938,Paragon,Gotówka,2019-01-09
564,566,Paragon,Karta,2021-08-10
565,333,Rachunek,Karta,2019-07-12
566,701,Faktura,Gotówka,2019-01-09
567,172,Paragon,Karta,2023-05-06
568,905,Paragon,Przelew,2023-04-08
569,749,Rachunek,Karta,2020-04-12
570,998,Paragon,Przelew,2019-10-06
571,723,Rachunek,Karta,2021-11-27
572,291,Paragon,Gotówka,2023-06-12
573,352,Paragon,Gotówka,2022-03-19
574,626,Rachunek,Karta,2019-08-26
575,825,Faktura,Karta,2023-12-20
576,317,Faktura,Przelew,2019-03-02
577,875,Paragon,Przelew,2019-12-24
578,219,Rachunek,Gotówka,2021-02-07
579,744,Paragon,Gotówka,2023-10-15
580,44,Faktura,Przelew,2023-05-23
581,111,Paragon,Przelew,2018-10-09
582,833,Faktura,Przelew,2018-12-03
583,899,Rachunek,Przelew,2018-07-18
584,936,Faktura,Przelew,2023-07-31
585,786,Rachunek,Gotówka,2021-01-26
586,863,Rachunek,Przelew,2022-11-06
587,554,Rachunek,Gotówka,2023-01-12
588,215,Rachunek,Karta,2018-12-11
589,991,Paragon,Karta,2020-09-09
590,899,Faktura,Gotówka,2023-03-10
591,224,Rachunek,Przelew,2018-05-15
592,377,Rachunek,Gotówka,2023-06-12
593,315,Faktura,Przelew,2020-11-01
594,912,Paragon,Przelew,2020-06-01
595,934,Faktura,Gotówka,2023-05-27
596,811,Paragon,Gotówka,2020-05-27
597,168,Faktura,Karta,2018-09-16
598,533,Paragon,Karta,2022-05-20
599,512,Faktura,Przelew,2021-08-02
600,207,Paragon,Przelew,2022-11-02
601,109,Faktura,Gotówka,2019-04-26
602,662,Faktura,Gotówka,2023-08-08
603,269,Paragon,Karta,2020-12-20
604,360,Paragon,Karta,2018-12-02
605,122,Rachunek,Karta,2018-12-07
606,633,Rachunek,Karta,2020-12-08
607,25,Paragon,Karta,2020-09-20
608,312,Faktura,Gotówka,2020-06-15
609,301,Paragon,Przelew,2023-04-05
610,88,Rachunek,Przelew,2018-10-06
611,677,Rachunek,Przelew,2019-02-09
612,44,Rachunek,Przelew,2023-12-01
613,698,Paragon,Przelew,2023-05-03
614,803,Faktura,Przelew,2023-07-26
615,716,Rachunek,Karta,2018-05-20
616,573,Paragon,Karta,2020-09-10
617,884,Rachunek,Karta,2020-10-24
618,981,Faktura,Gotówka,2021-09-08
619,685,Rachunek,Przelew,2018-08-19
620,607,Faktura,Przelew,2022-03-24
621,392,Rachunek,Przelew,2023-11-03
622,572,Rachunek,Gotówka,2020-03-31
623,429,Faktura,Karta,2023-09-25
624,300,Faktura,Karta,2019-07-23
625,609,Paragon,Karta,2023-08-23
626,691,Rachunek,Karta,2018-10-17
627,436,Faktura,Przelew,2022-08-27
628,560,Paragon,Przelew,2018-02-14
629,875,Paragon,Gotówka,2021-05-15
630,362,Paragon,Przelew,2022-04-22
631,46,Paragon,Przelew,2019-02-19
632,300,Faktura,Karta,2021-07-19
633,962,Rachunek,Karta,2021-06-23
634,426,Rachunek,Karta,2023-06-06
635,986,Paragon,Przelew,2020-06-13
636,477,Faktura,Przelew,2018-02-21
637,969,Rachunek,Karta,2023-03-09
638,484,Paragon,Karta,2021-07-14
639,308,Faktura,Gotówka,2018-12-22
640,156,Rachunek,Gotówka,2022-01-10
641,230,Paragon,Karta,2018-07-10
642,457,Paragon,Gotówka,2023-06-16
643,812,Paragon,Przelew,2020-08-24
644,45,Rachunek,Gotówka,2023-07-05
645,555,Rachunek,Karta,2020-06-26
646,721,Paragon,Gotówka,2018-07-27
647,870,Paragon,Karta,2023-10-09
648,523,Paragon,Przelew,2019-11-20
649,941,Rachunek,Karta,2020-01-14
650,95,Paragon,Gotówka,2019-07-21
651,651,Faktura,Karta,2020-10-09
652,360,Paragon,Karta,2021-08-26
653,702,Paragon,Gotówka,2020-11-28
654,393,Paragon,Przelew,2018-10-29
655,61,Faktura,Gotówka,2021-02-10
656,872,Rachunek,Przelew,2021-08-15
657,69,Paragon,Przelew,2022-08-27
658,915,Paragon,Gotówka,2022-02-26
659,701,Paragon,Gotówka,2023-10-11
660,365,Faktura,Gotówka,2023-11-08
661,347,Rachunek,Gotówka,2018-12-03
662,954,Faktura,Karta,2020-04-10
663,158,Faktura,Przelew,2023-05-05
664,554,Paragon,Gotówka,2020-11-01
665,870,Rachunek,Przelew,2020-06-10
666,875,Faktura,Gotówka,2019-08-20
667,992,Paragon,Przelew,2020-07-23
668,58,Faktura,Przelew,2020-12-05
669,655,Rachunek,Przelew,2020-04-15
670,579,Paragon,Karta,2023-03-01
671,456,Rachunek,Karta,2020-05-22
672,311,Faktura,Gotówka,2023-12-08
673,549,Faktura,Przelew,2021-04-03
674,79,Paragon,Gotówka,2018-11-20
675,830,Paragon,Gotówka,2022-05-04
676,559,Paragon,Karta,2019-06-20
677,2,Paragon,Przelew,2019-10-22
678,620,Faktura,Przelew,2021-07-14
679,708,Faktura,Gotówka,2021-05-01
680,112,Rachunek,Gotówka,2018-05-09
681,708,Paragon,Karta,2021-06-12
682,214,Rachunek,Gotówka,2023-01-15
683,923,Paragon,Gotówka,2021-06-10
684,314,Rachunek,Przelew,2021-12-19
685,571,Faktura,Gotówka,2019-05-14
686,651,Faktura,Gotówka,2020-10-28
687,559,Faktura,Przelew,2021-03-06
688,283,Faktura,Przelew,2021-09-20
689,7,Faktura,Gotówka,2023-06-14
690,990,Paragon,Karta,2023-11-16
691,295,Faktura,Karta,2022-09-25
692,2,Rachunek,Przelew,2020-08-04
693,793,Faktura,Karta,2019-09-27
694,535,Rachunek,Karta,2019-05-01
695,384,Rachunek,Gotówka,2019-03-17
696,255,Paragon,Przelew,2023-08-26
697,471,Faktura,Karta,2019-05-09
698,512,Paragon,Karta,2020-07-28
699,186,Paragon,Karta,2020-10-26
700,439,Faktura,Przelew,2018-03-28
701,483,Paragon,Karta,2018-11-25
702,935,Rachunek,Karta,2021-07-31
703,799,Faktura,Gotówka,2020-04-05
704,931,Paragon,Przelew,2018-04-17
705,763,Paragon,Gotówka,2018-11-28
706,481,Faktura,Karta,2023-07-11
707,257,Rachunek,Przelew,2022-03-04
708,16,Rachunek,Przelew,2018-06-16
709,208,Rachunek,Karta,2020-08-11
710,843,Rachunek,Przelew,2018-07-06
711,419,Faktura,Przelew,2018-05-26
712,518,Paragon,Karta,2019-12-02
713,785,Rachunek,Gotówka,2023-10-16
714,265,Rachunek,Gotówka,2020-08-05
715,893,Faktura,Gotówka,2023-12-04
716,227,Rachunek,Karta,2022-12-24
717,31,Paragon,Karta,2020-06-04
718,321,Rachunek,Przelew,2023-06-08
719,443,Paragon,Przelew,2022-05-06
720,575,Faktura,Karta,2022-07-22
721,352,Rachunek,Karta,2020-02-04
722,406,Rachunek,Gotówka,2019-08-19
723,708,Rachunek,Przelew,2022-11-06
724,24,Faktura,Przelew,2023-10-11
725,646,Rachunek,Gotówka,2018-08-20
726,408,Faktura,Gotówka,2021-04-19
727,877,Faktura,Karta,2020-03-02
728,542,Paragon,Gotówka,2020-01-05
729,328,Rachunek,Gotówka,2023-06-29
730,689,Faktura,Karta,2023-01-22
731,917,Paragon,Przelew,2022-07-08
732,573,Faktura,Przelew,2021-01-25
733,678,Faktura,Karta,2020-09-23
734,719,Faktura,Przelew,2018-12-29
735,584,Paragon,Gotówka,2020-10-31
736,712,Faktura,Przelew,2019-11-27
737,527,Faktura,Przelew,2020-12-16
738,879,Rachunek,Przelew,2020-04-03
739,239,Faktura,Przelew,2020-04-01
740,930,Paragon,Gotówka,2023-09-07
741,492,Rachunek,Karta,2021-04-28
742,886,Paragon,Gotówka,2019-04-10
743,117,Faktura,Gotówka,2021-08-15
744,605,Paragon,Karta,2023-06-10
745,156,Faktura,Gotówka,2019-04-09
746,792,Rachunek,Przelew,2020-03-20
747,801,Faktura,Karta,2022-04-16
748,13,Faktura,Gotówka,2023-09-16
749,496,Rachunek,Karta,2020-04-20
750,763,Rachunek,Gotówka,2019-11-25
751,153,Faktura,Gotówka,2021-02-14
752,940,Rachunek,Przelew,2023-09-19
753,951,Paragon,Karta,2021-10-01
754,802,Rachunek,Gotówka,2020-05-27
755,43,Paragon,Przelew,2018-03-02
756,438,Paragon,Karta,2022-08-20
757,345,Faktura,Gotówka,2020-05-27
758,725,Paragon,Przelew,2021-01-21
759,636,Paragon,Gotówka,2018-05-16
760,932,Rachunek,Przelew,2019-05-18
761,846,Rachunek,Karta,2019-01-28
762,374,Paragon,Przelew,2018-12-09
763,619,Paragon,Przelew,2021-11-05
764,491,Rachunek,Karta,2018-08-08
765,78,Rachunek,Gotówka,2018-04-12
766,180,Paragon,Gotówka,2023-08-28
767,676,Rachunek,Gotówka,2019-06-18
768,36,Rachunek,Karta,2020-07-13
769,576,Rachunek,Gotówka,2021-12-09
770,337,Faktura,Karta,2018-05-20
771,607,Paragon,Karta,2020-07-19
772,964,Faktura,Przelew,2020-05-28
773,22,Rachunek,Karta,2018-10-01
774,629,Paragon,Karta,2023-04-15
775,993,Faktura,Przelew,2019-10-27
776,83,Rachunek,Karta,2021-10-28
777,421,Paragon,Przelew,2018-08-23
778,723,Paragon,Karta,2023-10-14
779,808,Rachunek,Przelew,2019-07-27
780,127,Paragon,Karta,2021-02-13
781,232,Paragon,Karta,2022-09-09
782,417,Faktura,Gotówka,2023-08-24
783,745,Faktura,Gotówka,2022-09-20
784,648,Paragon,Gotówka,2020-11-23
785,268,Paragon,Gotówka,2018-01-21
786,435,Rachunek,Przelew,2023-10-11
787,20,Paragon,Gotówka,2019-09-12
788,564,Rachunek,Karta,2019-06-10
789,555,Faktura,Gotówka,2023-04-15
790,327,Rachunek,Karta,2021-03-03
791,813,Faktura,Przelew,2022-06-09
792,795,Faktura,Gotówka,2021-11-04
793,586,Faktura,Karta,2019-06-15
794,919,Rachunek,Przelew,2020-04-12
795,874,Rachunek,Karta,2022-01-07
796,145,Paragon,Przelew,2023-08-05
797,677,Faktura,Karta,2019-11-08
798,484,Faktura,Karta,2023-01-13
799,322,Rachunek,Gotówka,2023-12-29
800,369,Faktura,Gotówka,2023-04-29
801,337,Faktura,Karta,2019-06-04
802,304,Paragon,Przelew,2023-03-13
803,738,Faktura,Gotówka,2021-01-04
804,166,Faktura,Karta,2021-07-01
805,655,Paragon,Przelew,2019-03-29
806,569,Paragon,Karta,2023-09-26
807,623,Rachunek,Przelew,2022-01-22
808,746,Rachunek,Karta,2021-05-03
809,565,Rachunek,Przelew,2020-07-11
810,67,Rachunek,Gotówka,2019-01-19
811,153,Rachunek,Gotówka,2023-08-03
812,713,Faktura,Gotówka,2018-04-20
813,886,Faktura,Gotówka,2020-12-27
814,644,Paragon,Karta,2019-05-03
815,660,Paragon,Gotówka,2018-07-01
816,661,Rachunek,Karta,2023-01-05
817,847,Faktura,Przelew,2018-08-08
818,944,Faktura,Gotówka,2020-03-20
819,744,Rachunek,Karta,2022-10-23
820,874,Faktura,Przelew,2020-01-04
821,250,Rachunek,Karta,2021-02-25
822,132,Paragon,Gotówka,2019-03-03
823,944,Faktura,Karta,2020-12-05
824,185,Paragon,Przelew,2022-08-15
825,725,Paragon,Przelew,2019-10-12
826,61,Rachunek,Przelew,2019-11-07
827,349,Faktura,Przelew,2021-01-16
828,872,Rachunek,Przelew,2018-11-29
829,778,Paragon,Gotówka,2019-03-12
830,417,Paragon,Karta,2023-06-17
831,385,Paragon,Karta,2019-12-15
832,862,Paragon,Karta,2020-08-20
833,311,Paragon,Przelew,2019-10-10
834,611,Faktura,Karta,2021-04-09
835,926,Faktura,Karta,2022-04-08
836,201,Faktura,Przelew,2022-06-18
837,21,Rachunek,Przelew,2021-06-08
838,49,Faktura,Gotówka,2021-06-04
839,968,Faktura,Karta,2018-03-29
840,73,Rachunek,Karta,2019-12-25
841,955,Rachunek,Przelew,2018-03-02
842,287,Paragon,Karta,2019-05-18
843,460,Faktura,Gotówka,2019-03-18
844,300,Rachunek,Gotówka,2019-09-27
845,258,Paragon,Przelew,2020-10-21
846,883,Faktura,Karta,2019-06-29
847,953,Paragon,Gotówka,2021-01-07
848,250,Faktura,Karta,2019-04-10
849,921,Faktura,Przelew,2019-06-09
850,353,Rachunek,Przelew,2018-01-29
851,934,Rachunek,Karta,2022-12-01
852,993,Faktura,Przelew,2023-11-10
853,328,Faktura,Przelew,2023-10-27
854,678,Faktura,Gotówka,2021-12-26
855,182,Paragon,Gotówka,2018-06-13
856,473,Paragon,Przelew,2020-06-20
857,286,Paragon,Karta,2020-03-24
858,151,Faktura,Przelew,2023-07-18
859,625,Rachunek,Gotówka,2022-11-21
860,86,Paragon,Przelew,2019-03-13
861,142,Faktura,Gotówka,2019-01-09
862,610,Paragon,Karta,2021-12-26
863,116,Paragon,Gotówka,2022-10-05
864,211,Paragon,Przelew,2023-05-05
865,620,Faktura,Gotówka,2022-04-23
866,706,Paragon,Karta,2019-06-18
867,85,Rachunek,Karta,2022-02-12
868,811,Faktura,Gotówka,2019-07-05
869,978,Paragon,Przelew,2022-11-03
870,101,Rachunek,Przelew,2021-12-15
871,138,Faktura,Karta,2022-07-05
872,392,Rachunek,Przelew,2020-08-11
873,807,Faktura,Przelew,2020-06-12
874,391,Faktura,Karta,2020-05-11
875,506,Paragon,Karta,2019-12-06
876,727,Rachunek,Gotówka,2020-11-08
877,229,Paragon,Przelew,2021-10-15
878,726,Faktura,Karta,2020-11-06
879,761,Paragon,Przelew,2023-07-15
880,840,Faktura,Gotówka,2021-07-03
881,800,Paragon,Karta,2018-01-29
882,534,Rachunek,Karta,2022-07-23
883,694,Paragon,Karta,2022-01-26
884,856,Faktura,Karta,2023-10-22
885,764,Rachunek,Gotówka,2018-05-01
886,189,Faktura,Przelew,2019-05-22
887,525,Faktura,Przelew,2018-01-29
888,944,Rachunek,Gotówka,2020-12-07
889,214,Rachunek,Przelew,2020-07-13
890,925,Faktura,Przelew,2019-03-19
891,904,Faktura,Gotówka,2023-03-26
892,357,Paragon,Gotówka,2022-11-02
893,71,Paragon,Gotówka,2019-02-02
894,615,Rachunek,Gotówka,2019-05-11
895,608,Faktura,Karta,2018-07-14
896,568,Paragon,Gotówka,2019-10-25
897,303,Faktura,Karta,2018-05-24
898,421,Faktura,Karta,2020-12-07
899,743,Paragon,Karta,2023-06-04
900,198,Faktura,Przelew,2020-12-21
901,694,Paragon,Gotówka,2019-02-07
902,69,Faktura,Przelew,2018-05-19
903,327,Rachunek,Karta,2018-10-15
904,416,Faktura,Gotówka,2018-08-16
905,490,Faktura,Przelew,2022-03-07
906,539,Faktura,Gotówka,2019-09-13
907,914,Faktura,Karta,2019-08-11
908,522,Paragon,Gotówka,2023-01-12
909,366,Paragon,Gotówka,2019-03-17
910,150,Paragon,Przelew,2023-09-04
911,442,Faktura,Przelew,2023-11-15
912,237,Faktura,Gotówka,2023-07-01
913,182,Faktura,Karta,2019-03-25
914,743,Faktura,Przelew,2019-01-08
915,512,Faktura,Karta,2022-09-05
916,319,Rachunek,Gotówka,2020-05-18
917,454,Paragon,Gotówka,2018-09-04
918,431,Paragon,Karta,2021-07-18
919,128,Faktura,Przelew,2018-06-30
920,968,Paragon,Przelew,2023-02-09
921,299,Faktura,Przelew,2020-02-18
922,736,Paragon,Karta,2020-04-06
923,1000,Rachunek,Przelew,2018-10-20
924,636,Paragon,Karta,2019-11-22
925,559,Paragon,Gotówka,2019-09-06
926,297,Faktura,Przelew,2018-07-21
927,879,Rachunek,Przelew,2021-10-07
928,630,Rachunek,Gotówka,2018-11-08
929,480,Faktura,Gotówka,2019-07-06
930,669,Rachunek,Przelew,2018-11-16
931,346,Rachunek,Karta,2023-08-26
932,873,Rachunek,Karta,2019-05-24
933,719,Rachunek,Przelew,2021-04-22
934,450,Paragon,Gotówka,2023-03-19
935,110,Paragon,Gotówka,2021-06-14
936,703,Paragon,Karta,2020-05-21
937,987,Faktura,Karta,2018-11-03
938,44,Paragon,Karta,2022-06-24
939,692,Faktura,Karta,2020-02-27
940,293,Paragon,Przelew,2018-08-14
941,781,Rachunek,Karta,2019-04-24
942,745,Faktura,Przelew,2022-11-17
943,134,Paragon,Karta,2020-01-12
944,867,Rachunek,Gotówka,2019-01-31
945,147,Faktura,Karta,2021-03-29
946,621,Paragon,Przelew,2020-12-02
947,957,Paragon,Karta,2022-02-14
948,622,Faktura,Przelew,2021-01-19
949,607,Faktura,Gotówka,2023-08-21
950,862,Faktura,Karta,2020-01-29
951,524,Paragon,Gotówka,2022-02-12
952,831,Rachunek,Przelew,2021-12-15
953,183,Paragon,Przelew,2021-06-29
954,551,Faktura,Karta,2020-12-14
955,348,Rachunek,Gotówka,2023-07-08
956,724,Rachunek,Przelew,2022-11-25
957,677,Paragon,Karta,2023-03-23
958,207,Paragon,Przelew,2018-05-25
959,24,Paragon,Karta,2020-04-30
960,780,Rachunek,Gotówka,2021-05-21
961,655,Paragon,Przelew,2022-08-13
962,48,Paragon,Karta,2020-05-11
963,656,Faktura,Przelew,2018-09-07
964,501,Paragon,Przelew,2019-03-12
965,991,Faktura,Gotówka,2020-12-10
966,123,Paragon,Karta,2022-05-08
967,216,Rachunek,Karta,2020-01-06
968,736,Faktura,Gotówka,2019-01-20
969,666,Faktura,Karta,2020-12-30
970,833,Faktura,Gotówka,2023-06-27
971,696,Rachunek,Przelew,2020-10-06
972,801,Faktura,Karta,2021-06-02
973,42,Rachunek,Karta,2020-10-10
974,953,Rachunek,Przelew,2023-05-25
975,660,Paragon,Karta,2018-10-29
976,537,Rachunek,Przelew,2018-09-17
977,157,Paragon,Gotówka,2023-01-29
978,191,Faktura,Karta,2022-11-08
979,283,Paragon,Karta,2019-06-24
980,86,Paragon,Karta,2019-12-06
981,654,Rachunek,Gotówka,2018-01-18
982,785,Paragon,Przelew,2020-12-20
983,98,Rachunek,Karta,2019-04-15
984,672,Paragon,Gotówka,2021-11-26
985,193,Faktura,Karta,2023-01-22
986,490,Paragon,Karta,2023-05-05
987,529,Rachunek,Przelew,2022-07-07
988,571,Paragon,Przelew,2022-04-08
989,418,Rachunek,Przelew,2021-06-07
990,745,Rachunek,Karta,2020-07-10
991,291,Rachunek,Przelew,2023-03-19
992,250,Faktura,Gotówka,2018-06-25
993,253,Paragon,Karta,2020-04-09
994,8,Faktura,Przelew,2022-08-03
995,816,Faktura,Gotówka,2023-12-19
996,129,Rachunek,Karta,2021-01-03
997,597,Paragon,Przelew,2022-02-03
998,584,Rachunek,Gotówka,2023-12-21
999,452,Faktura,Przelew,2023-02-04
1000,840,Rachunek,Przelew,2021-02-24
